callsign,site,state,freq_mhz,lat,lon,power_w,status,same
KAD93,H Street - Blaine Area,WA,162.525,48.996278,-122.649167,124,NORMAL,053055|053073
KAD94,Yosemite,CA,162.450,37.712778,-119.704722,85,NORMAL,006043
KAD95,Ryegate,MT,162.450,46.283333,-109.162778,300,NORMAL,030037|030065|030095|030097|030107
KAD96,Manleyville,AK,162.500,57.105556,-134.816944,5,NORMAL,002195
KAE42,Providence Forge,VA,162.500,37.4906,-77.0569,1000,NORMAL,051036|051057|051073|051085|051087|051095|051097|051101|051119|051127|051149|051181|051199|051670|051760|051830
KBA99,Oahu,HI,162.550,21.508442,-158.147742,1000,NORMAL,015003
KBS508,White Hill,NY,162.525,44.598333,-74.776944,300,NORMAL,036033|036045|036049|036089
KC2XBZ,Gresham,WI,162.500,44.8167,-88.8181,300,NORMAL,055078|055115|055135
KDO89,St. Louis,MO,162.550,38.580583,-90.32925,1010,NORMAL,017119|017133|017163|029071|029099|029113|029183|029189|029219|029510
KDO94,Akron,OH,162.400,41.0644,-81.5833,500,NORMAL,039005|039019|039029|039075|039099|039103|039133|039151|039153|039155|039157|039169
KDO95,Falmouth,ME,162.550,43.7625,-70.325,500,NORMAL,023001|023005|023023|023031
KDX54,Big Rock Ridge,CA,162.500,38.059722,-122.605556,75,NORMAL,006013|006041|006055|006075|006081|006085|006097|106097|206097|306097|406097|506097|606097|706097|906097
KE2XKP,Tomah,WI,162.525,43.8956,-90.585,300,NORMAL,055001|055053|055057|055063|055081|055123|055141
KEB97,Lake City,FL,162.400,30.1939,-82.6347,300,NORMAL,012023|012047|012121
KEB98,Buffalo,NY,162.550,42.636944,-78.768056,330,NORMAL,036003|036009|036013|036029|036037|036063|036073|036121
KEC38,Largo,FL,162.450,27.848056,-82.763333,1000,NORMAL,012057|012081|012101|012103
KEC39,Cambridge,NE,162.525,40.183167,-100.100667,347,NORMAL,020039|020137|031063|031065|031073|031145
KEC42,Eugene,OR,162.400,44.002472,-123.116278,114,NORMAL,041003|041039|041043
KEC43,Anchorage,AK,162.550,61.157038,-149.98741,300,NORMAL,002020|002122|002170
KEC49,Monterey,CA,162.550,37.155,-121.8983,300,NORMAL,006001|006013|006053|006055|006069|006075|006081|006085|006087
KEC50,West Palm Beach,FL,162.475,26.749722,-80.0675,1000,NORMAL,012011|012085|012099|012111
KEC55,Fort Worth,TX,162.550,32.536694,-97.413,1050,NORMAL,048035|048085|048113|048121|048139|048143|048217|048221|048251|048367|048425|048439|048497
KEC56,Dallas,TX,162.400,32.901278,-96.6872,1040,NORMAL,048035|048085|048113|048121|048139|048217|048221|048231|048257|048367|048397|048439
KEC57,Sacramento,CA,162.550,38.5806,-120.615,300,NORMAL,006005|006009|006011|006017|006061|006067|006077|006095|006099|006101|006113
KEC58,Erie,PA,162.400,42.063972,-80.005444,750,NORMAL,036013|039007|042039|042049|042121|042123
KEC59,Wichita,KS,162.550,37.750611,-97.303667,1050,NORMAL,020015|020035|020077|020079|020095|020113|020115|020155|020173|020191
KEC60,Milwaukee,WI,162.400,43.028272,-88.392525,1000,NORMAL,055027|055039|055055|055059|055079|055089|055101|055117|055127|055131|055133
KEC61,Mobile,AL,162.550,30.659444,-87.8925,1000,NORMAL,001003|001097|028039|028059
KEC62,San Diego,CA,162.400,33.0089,-116.972194,102,NORMAL,006073
KEC63,Detroit,MI,162.550,42.483056,-83.205556,1000,NORMAL,026091|026093|026099|026115|026125|026147|026161|026163
KEC65,Minneapolis/St. Paul,MN,162.550,44.968944,-93.207833,1020,NORMAL,027003|027019|027025|027037|027049|027053|027123|027131|027139|027163|027171|055093|055095|055109|127053|327053|427053|527053|627053|827053
KEC73,Bourne/Hyannis,MA,162.550,41.707729,-70.564406,1000,NORMAL,025001|025005|025007|025019|025023
KEC74,Indianapolis,IN,162.550,39.7675,-86.0025,1000,NORMAL,018011|018031|018035|018057|018059|018063|018065|018081|018095|018097|018109|018139|018145|018159
KEC76,Denver,CO,162.550,39.692087,-104.936663,330,NORMAL,008001|008005|008014|008019|008031|008035|008039|008047|008059|008069|008093|008123|408005|508005|608005
KEC77,Saint Joseph,KS,162.400,39.709639,-95.0425,1000,NORMAL,020005|020043|029003|029021|029049|029063|029087|029165
KEC78,Salt Lake City,UT,162.550,40.6272,-112.0572,300,NORMAL,049003|049011|049035|049049|049057
KEC80,Atlanta,GA,162.550,33.80525,-84.144333,569,NORMAL,013057|013063|013067|013089|013097|013113|013117|013121|013135|013151|013217|013247|013297
KEC81,Seward,AK,162.550,60.089345,-149.352763,300,NORMAL,002122
KEC82,Eureka,CA,162.400,40.4175,-124.119167,300,NORMAL,006023
KEC83,Baltimore,MD,162.400,39.386349,-76.730772,1000,NORMAL,011001|024003|024005|024009|024013|024021|024025|024027|024029|024031|024033|024035|024041|024510|042001|042133
KEC84,New Bern,NC,162.400,35.1344,-77.0631,1000,NORMAL,037013|037031|037049|037061|037079|037095|037103|037107|037117|037133|037137|037147
KEC85,Savannah,SC,162.400,32.3289,-80.9378,1000,NORMAL,013029|013031|013051|013103|013179|045013|045053
KEC86,Pensacola,FL,162.400,30.588611,-87.070556,1000,OUT OF SERVICE,001003|001053|012033|012091|012113
KEC91,Astoria,WA,162.400,46.4214,-123.796056,297,NORMAL,041007|041009|053027|053049|053069
KEC92,Salisbury,DE,162.475,38.504444,-75.643056,1000,NORMAL,010005|024009|024011|024019|024035|024037|024039|024041|024045|024047|051001
KEC93,Ellsworth,ME,162.400,44.545833,-68.511944,1000,NORMAL,023009|023019|023027|023029
KEC94,Phoenix,AZ,162.550,33.332778,-112.066944,347,NORMAL,004013|004021
KEC95,Aynor,SC,162.400,33.950722,-79.108459,1000,NORMAL,037019|037047|045033|045041|045043|045051|045067|045089
KGG67,Panama City,FL,162.550,30.1472,-85.7128,1000,NORMAL,012005|012013|012045|012059|012131|012133
KGG68,Tomball,TX,162.400,30.0964,-95.6564,1000,NORMAL,048039|048071|048157|048167|048201|048291|048339|048473
KGG86,Fountain Hill,AR,162.475,33.3894,-91.853889,1000,NORMAL,005003|005011|005013|005017|005025|005041|005043|005139|022061|022067|022111|022123
KGG94,Poplar,MT,162.425,48.290556,-105.251944,300,NORMAL,030055|030083|030085|230083|330055
KGG95,Winona,WI,162.425,44.0739,-91.5775,300,NORMAL,027169|055011|055063|055121
KGG97,Bozeman,MT,162.500,45.679722,-111.041667,100,NORMAL,030031
KGG98,Halls Summit,KS,162.425,38.335,-95.6744,1110,NORMAL,020001|020003|020017|020031|020045|020059|020073|020111|020139|020207
KGG99,Lexington,NE,162.425,40.695028,-99.817389,405,NORMAL,031047|031063|031073|031137
KHA35,Orangeburg,SC,162.525,33.543083,-80.824229,300,NORMAL,045009|045017|045027|045035|045075|045079|045085
KHA46,Vale,TN,162.450,36.137194,-88.261,1000,NORMAL,021035|047005|047017|047079|047083|047085|047161|047183
KHA47,Baraboo,WI,162.450,43.427778,-89.653889,300,NORMAL,055001|055021|055025|055049|055057|055077|055103|055111|055123
KHA53,Rochester,NY,162.400,43.036111,-77.423333,500,NORMAL,036011|036037|036051|036055|036069|036073|036099|036117|036121|036123
KHA55,Oshkosh,NE,162.525,41.340278,-102.399167,1000,NORMAL,031049|031069|031101
KHA99,Muenster,TX,162.425,33.64997,-97.339722,300,NORMAL,040019|040067|040085|048097|048121|048181|048337|048497
KHB29,Charleston,SC,162.550,32.9244,-79.699444,1000,NORMAL,045015|045019|045027|045029|045035|045043|045075|045089
KHB30,Burns Butte,OR,162.475,43.572639,-119.131528,130,NORMAL,041025
KHB31,Winnabow,NC,162.550,34.1316,-78.187778,1000,NORMAL,037017|037019|037047|037129|037141
KHB32,Tampa Bay,FL,162.550,27.842533,-82.262472,1000,NORMAL,012049|012057|012081|012101|012103|012105
KHB33,Pharr,TX,162.400,26.211222,-98.18875,1000,NORMAL,048061|048215|048427|048489
KHB34,Miami,FL,162.550,25.967861,-80.209333,1100,NORMAL,012011|012086
KHB35,Boston,MA,162.475,42.211928,-71.113649,1000,NORMAL,025005|025009|025017|025021|025023|025025
KHB36,Manassas,VA,162.550,38.628722,-77.438833,1010,NORMAL,011001|024009|024017|024021|024031|024033|024037|051013|051043|051047|051059|051061|051099|051107|051113|051137|051139|051153|051157|051177|051179|051187|051510|051600|051610|051630|051683|051685
KHB37,Norfolk,VA,162.550,36.815556,-76.466667,1000,NORMAL,037015|037029|037041|037053|037073|037091|037131|037139|037143|051001|051073|051093|051095|051115|051131|051175|051181|051183|051199|051550|051620|051650|051700|051710|051735|051740|051800|051810|051830
KHB38,Atlantic City,NJ,162.400,39.37895,-74.447744,1000,NORMAL,034001|034005|034009|034011|034029
KHB39,Jacksonville,FL,162.550,30.2761,-81.5647,1000,NORMAL,012003|012019|012031|012089|012109|013039|013049
KHB40,Galveston,TX,162.550,29.293528,-94.833472,1000,NORMAL,048039|048071|048157|048167|048201
KHB41,Rockport,TX,162.550,28.00513,-97.09667,1250,NORMAL,048007|048025|048249|048273|048297|048355|048391|048409
KHB42,Lake Charles,LA,162.400,30.221222,-93.3114,1000,NORMAL,022003|022011|022019|022023|022053
KHB43,New Orleans,LA,162.550,29.95287,-90.06717,1000,NORMAL,022051|022057|022071|022075|022087|022089|022093|022095|022103|022105
KHB46,Baton Rouge,LA,162.400,30.44325,-91.18197,1000,NORMAL,022005|022033|022037|022047|022063|022077|022091|022105|022121|022125|028157
KHB47,New London,CT,162.550,41.440833,-72.141389,500,NORMAL,009003|009007|009011|009013|009015|036103|044009
KHB49,San Francisco,CA,162.400,37.450556,-122.338333,300,NORMAL,006001|006013|006041|006055|006075|006081|006085|006087|006097|106097|206097|306097|406097|606097|706097|906097
KHB52,Richmond,IN,162.500,39.8283,-84.8975,300,NORMAL,018031|018041|018047|018065|018135|018139|018161|018177|039017|039037|039113|039135
KHB53,Jordan,MT,162.500,47.306111,-106.914444,300,NORMAL,030033|030055|230033|430033|730055|930033
KHB54,Milo,ME,162.550,45.247591,-69.01068,1000,NORMAL,023019|023021|023025
KHB55,Frenchville,ME,162.475,47.286944,-68.314167,300,NORMAL,023003
KHB59,Cleveland,OH,162.550,41.522778,-81.328611,750,NORMAL,039007|039035|039043|039055|039077|039085|039093|039103|039133|039153
KHB60,Seattle,WA,162.550,47.5436,-122.108694,102,NORMAL,053033|053035|053045|053053|053061
KHB97,Sandusky,OH,162.400,41.238611,-82.837694,1000,NORMAL,039005|039033|039043|039063|039077|039093|039123|039139|039143|039147|039173|039175
KHC26,Circle,MT,162.550,47.276944,-105.391667,300,NORMAL,030021|030055|430021|930055
KHC27,Rock Hill,SC,162.425,34.839722,-81.018333,1000,NORMAL,037045|037119|037179|045021|045023|045039|045057|045087|045091
KHC28,Kirksey,SC,162.425,33.9975,-82.051944,1000,NORMAL,013073|013105|013181|045001|045037|045047|045059|045065|045071|045081
KHC29,Barnwell,SC,162.500,33.187679,-81.397073,1000,NORMAL,013033|013251|045003|045005|045009|045011|045049|045075
KHC47,Meddybemps,ME,162.425,45.028889,-67.322778,300,NORMAL,023029
KHC49,Norwich,NY,162.525,42.511389,-75.468056,300,NORMAL,036007|036017|036023|036025|036053|036077
KID77,Kansas City,MO,162.550,39.0905,-94.472,1000,NORMAL,020045|020091|020103|020121|020209|029037|029047|029095|029101|029107|029165|029177
KIG60,Burlington,VT,162.400,44.526667,-72.815833,500,NORMAL,036019|036031|036033|050001|050007|050011|050013|050015|050023
KIG64,Duluth,MN,162.550,46.786944,-92.114444,1000,NORMAL,027017|027075|027115|055007|055031|727137|927137
KIG65,Green Bay,WI,162.550,44.409722,-88.001389,1000,NORMAL,055009|055015|055029|055061|055071|055075|055078|055083|055087|055115|055139
KIG66,Marquette,MI,162.550,46.514167,-87.481667,1000,NORMAL,026003|026013|026041|026043|026071|026103|026109|026153
KIG74,Sault Ste Marie,MI,162.550,46.377042,-84.425094,1000,NORMAL,026033|026097
KIG75,Yakima,WA,162.550,46.6405,-120.39725,300,NORMAL,053037|053077
KIG76,Evansville,IN,162.550,38.18,-87.486944,1000,NORMAL,017047|017185|017193|018037|018051|018123|018125|018129|018147|018163|018173|021101|021225
KIG77,Cape Hatteras,NC,162.475,35.2458,-75.5339,1000,NORMAL,037015|037055|037095|037177|037187
KIG78,Coachella,CA,162.400,33.654889,-115.990222,104,NORMAL,006025|006065
KIG79,Nashville,TN,162.550,36.164083,-86.78475,1020,NORMAL,047021|047037|047043|047111|047119|047125|047147|047149|047159|047165|047169|047187|047189
KIG83,Alpena,MI,162.550,45.062833,-83.717306,800,NORMAL,026001|026007|026119|026135|026141
KIG86,Columbus,OH,162.550,39.9631,-82.9994,1000,NORMAL,039021|039023|039041|039045|039047|039049|039057|039073|039083|039089|039097|039101|039117|039119|039127|039129|039159
KIG98,Portland,OR,162.550,45.131167,-122.291472,330,NORMAL,041005|041009|041051|041067|053011|053015|053059
KIH20,Huntsville,AL,162.400,34.737778,-86.533889,1000,NORMAL,001043|001071|001079|001083|001089|001095|001103|047055|047103
KIH21,Gulfport,MS,162.400,30.38433,-89.09583,1000,NORMAL,028039|028045|028047|028059|028109|028131
KIH22,Traverse City,MI,162.400,44.760442,-85.682994,300,NORMAL,026009|026019|026029|026055|026079|026089|026101|026113|026165
KIH23,Morgan City,LA,162.475,29.75436,-91.17377,1000,NORMAL,022005|022007|022045|022047|022057|022093|022099|022101|022109
KIH24,Tallahassee,FL,162.400,30.566667,-84.043889,1000,NORMAL,012037|012039|012065|012073|012077|012079|012123|012129|013027|013087|013131|013275
KIH26,Daytona Beach,FL,162.400,29.1737,-81.157,1000,NORMAL,012009|012035|012069|012095|012107|012117|012127
KIH27,Tulsa,OK,162.550,36.021083,-95.656278,600,NORMAL,040021|040037|040097|040101|040111|040113|040117|040131|040143|040145|040147
KIH28,Philadelphia,PA,162.475,39.9517,-75.160833,1000,NORMAL,010003|024015|034005|034007|034011|034015|034019|034021|034025|034033|042017|042029|042045|042091|042101
KIH29,Flint,MI,162.475,43.216944,-83.721389,1000,NORMAL,026017|026049|026063|026087|026093|026111|026125|026145|026155|026157
KIH30,Point Arena,CA,162.550,39.022222,-123.521389,300,NORMAL,006045|006097|106097|306097|406097|606097|706097|906097
KIH31,San Luis Obispo,CA,162.550,35.360694,-120.656972,365,NORMAL,006079
KIH32,Coos Bay,OR,162.400,43.390556,-124.131458,300,NORMAL,041011
KIH33,Newport,OR,162.550,44.756111,-124.049722,500,NORMAL,041039|041041
KIH34,Santa Barbara,CA,162.400,34.525,-119.9589,369,NORMAL,006083|006111
KIH35,Pittsburgh,PA,162.550,40.446556,-79.963806,1010,NORMAL,039029|042003|042005|042007|042019|042051|042059|042063|042073|042125|042129|054009|054029|054051|054069
KIH36,Neah Bay,WA,162.550,48.370694,-124.673028,303,NORMAL,053009|053031
KIH37,Brookings,OR,162.550,42.1264,-124.2272,500,NORMAL,006015|041015
KIH38,Jackson,MS,162.400,32.1917,-90.406278,1000,NORMAL,022065|022107|028021|028029|028049|028055|028063|028077|028079|028085|028089|028121|028123|028127|028129|028149|028163
KIH39,Ashland,KY,162.550,38.461917,-82.619833,1090,NORMAL,021019|021043|021063|021089|021115|021127|021135|021159|039053|039079|039087|039145|054011|054043|054053|054079|054099
KIH40,Hazard,KY,162.475,37.192919,-83.1878,1000,NORMAL,021013|021025|021051|021071|021095|021109|021119|021121|021129|021131|021133|021153|021175|021189|021193|021195|021237
KIH41,Lexington,KY,162.400,37.879203,-84.325499,1000,NORMAL,021005|021011|021017|021021|021049|021065|021067|021069|021073|021079|021097|021113|021151|021165|021167|021173|021181|021197|021201|021205|021209|021239
KIH42,Covington,KY,162.550,39.030556,-84.506389,1000,NORMAL,018029|018041|018047|018115|018137|018155|018161|021015|021023|021037|021041|021077|021081|021117|021161|021187|021191|021201|039015|039017|039025|039027|039061|039071|039165
KIH43,New Albany,IN,162.475,38.367084,-85.831639,1000,NORMAL,018019|018025|018037|018043|018061|018077|018117|018143|018175|021029|021093|021103|021111|021123|021163|021179|021185|021211|021215|021223|021229
KIH43A,Elizabethtown,KY,162.550,37.68201,-85.84203,300,NORMAL,021093
KIH44,Somerset,KY,162.550,37.167433,-84.824444,1000,NORMAL,021001|021045|021053|021057|021087|021099|021121|021125|021137|021147|021155|021169|021171|021199|021203|021207|021217|021229|021231|021235
KIH45,Bowling Green,KY,162.400,37.08963,-86.634822,1000,NORMAL,021001|021003|021009|021031|021053|021057|021061|021085|021087|021099|021123|021141|021169|021171|021177|021183|021207|021213|021219|021227
KIH46,Mayfield,KY,162.475,36.6925,-88.536111,1000,NORMAL,017127|017151|021007|021035|021039|021055|021075|021083|021105|021139|021143|021145|021157|021221|029133|047079|047131|047183
KIH47,Hattiesburg,MS,162.475,31.4395,-89.640556,1180,NORMAL,028031|028035|028041|028065|028067|028073|028077|028091|028109|028111|028127|028129|028147|028153
KIH48,Bude,MS,162.550,31.372917,-90.751417,1000,NORMAL,022029|022091|022105|028001|028005|028029|028037|028063|028077|028085|028113|028157
KIH49,Meridian,MS,162.550,32.1386,-89.093694,1000,NORMAL,001023|001119|028023|028031|028061|028067|028069|028075|028099|028101|028123|028129|028153
KIH50,Inverness,MS,162.425,33.376306,-90.542278,1045,NORMAL,005017|022035|022123|028011|028015|028043|028051|028053|028055|028083|028125|028133|028135|028151|028163
KIH51,Ackerman,MS,162.475,33.353944,-89.15,1000,NORMAL,028007|028013|028015|028017|028019|028025|028043|028083|028087|028095|028097|028103|028105|028155|028159|028161
KIH52,Oxford,MS,162.550,34.2908,-89.706056,900,NORMAL,028009|028013|028017|028027|028033|028043|028071|028093|028107|028115|028119|028135|028137|028143|028145|028161
KIH53,Booneville,MS,162.400,34.709472,-88.843556,1060,NORMAL,028003|028009|028057|028081|028115|028117|028139|028141|028145|047069|047071|047109
KIH54,Birmingham,AL,162.550,33.489083,-86.799306,1020,NORMAL,001007|001009|001021|001037|001073|001115|001117|001125|001127
KIH55,Montgomery,AL,162.400,32.381944,-86.292583,911,NORMAL,001001|001011|001013|001021|001037|001041|001047|001051|001085|001087|001101|001109|001123|001131
KIH56,Louisville,AL,162.475,31.718056,-85.434139,1000,NORMAL,001005|001011|001031|001041|001045|001061|001067|001109|001113|013239
KIH57,Florence,AL,162.475,34.5839,-87.7872,1000,NORMAL,001033|001059|001077|001079|001093|028057
KIH58,Anniston,AL,162.475,33.485139,-85.808889,299,NORMAL,001015|001017|001019|001027|001029|001037|001055|001073|001111|001115|001117|001121|001123|013045
KIH59,Dozier,AL,162.550,31.554444,-86.392222,1000,NORMAL,001013|001031|001035|001039|001041|001053|001061|001085|001101|001109|012091|012113|012131
KIH60,Tuscaloosa,AL,162.400,33.214167,-87.489972,1000,NORMAL,001007|001057|001063|001065|001073|001107|001125|028087|028103
KIH61,Omaha,NE,162.400,41.257722,-96.009333,991,NORMAL,019085|019129|019155|031021|031025|031053|031055|031131|031153|031155|031177
KIH62,Fresno,CA,162.400,36.74569,-119.283556,300,NORMAL,006019|006029|006031|006039|006043|006047|006107
KIH63,Orlando,FL,162.475,28.5943,-81.4199,1000,NORMAL,012009|012069|012095|012097|012105|012117|012127
KJY57,Driggs,ID,162.450,43.706667,-111.344444,100,NORMAL,016019|016033|016043|016051|016065|016081
KJY60,Coalville/ Park City,UT,162.475,40.854444,-111.481111,100,NORMAL,049029|049043
KJY61,Escalante,UT,162.425,37.756389,-111.874722,75,NORMAL,049017
KJY62,Michigan City,IN,162.500,41.660833,-86.751667,1000,NORMAL,018049|018091|018099|018127|018131|018141|018149|026021
KJY63,Forest City,IA,162.500,43.262222,-93.638583,302,NORMAL,019033|019069|019081|019109|019189|019195|019197|027043|027047
KJY64,Delaware,IA,162.450,42.479722,-91.346111,300,NORMAL,019019|019043|019055|019061|019065|019105|019113
KJY68,Chillicothe,OH,162.500,39.329444,-82.802222,300,NORMAL,039045|039047|039073|039079|039129|039131|039141|039163
KJY69,Alpine,TX,162.550,30.319167,-103.617778,1000,NORMAL,048043|048243|048377
KJY73,Saint Paul Island,AK,162.525,57.12,-170.281111,5,OUT OF SERVICE,002016
KJY75,Kemmerer,WY,162.525,41.838611,-110.504722,300,NORMAL,056023
KJY76,Crystal Falls,MI,162.475,46.100833,-88.540278,1000,NORMAL,026071
KJY77,Antlers,OK,162.400,34.224944,-95.625167,323,NORMAL,040005|040013|040023|040127
KJY78,New Taiton,TX,162.450,29.313889,-96.334444,1000,NORMAL,048015|048089|048157|048239|048285|048321|048481
KJY79,Tabiona,UT,162.550,40.355278,-110.7994,300,NORMAL,049013|049047|049051
KJY80,Red Wing,MN,162.450,44.524056,-92.576444,359,NORMAL,027037|027049|027157|027163|055011|055091|055093|055109
KJY81,Canon City,CO,162.500,38.515278,-105.3075,300,NORMAL,008043
KJY82,Neosho,MO,162.450,36.879889,-94.4255,981,NORMAL,020021|029097|029119|029145|040115
KJY83,Carthage,MS,162.500,32.724556,-89.545583,1230,NORMAL,028007|028051|028079|028089|028099|028101|028121|028123
KJY84,Anton,CO,162.425,39.704672,-103.254062,300,NORMAL,008121
KJY85,Statesville,NC,162.525,35.7333,-80.88944,1000,NORMAL,037003|037025|037035|037057|037059|037071|037097|037109|037119|037159
KJY86,South Boston,VA,162.525,36.733056,-78.933889,1000,NORMAL,037033|037077|037145|051031|051037|051083|051111|051117|051143|051590
KJY87,Cold Bay,AK,162.425,55.2503,-162.763364,5,NORMAL,002013
KJY88,Perryton,TX,162.475,36.418194,-100.802028,320,NORMAL,040007|040139|048195|048295|048357|048393
KJY93,Muncie,IN,162.425,40.093611,-85.392222,1000,OUT OF SERVICE,018009|018035|018053|018065|018075|018095|018135
KJY94,Chickasha,OK,162.450,35.04675,-97.775722,345,NORMAL,040015|040017|040027|040031|040049|040051|040087|040137
KJY95,Wewoka,OK,162.550,35.095306,-96.545917,1030,NORMAL,040029|040063|040081|040107|040123|040125|040133
KJY96,Guymon,OK,162.500,36.764889,-101.209361,1070,NORMAL,040007|040025|040139|048195|048421
KJY97,Childress,TX,162.525,34.4389,-100.218722,1060,NORMAL,040055|040057|040065|048045|048075|048087|048101|048125|048129|048153|048155|048191|048197|048269|048275|048345
KJY99,Accomack,VA,162.525,37.8425,-75.571389,1000,NORMAL,024039|024047|051001|051131
KPS502,Mullen,NE,162.425,41.986389,-101.039722,1000,NORMAL,031031|031075|031091|031117|031171
KPS503,Glennallen,AK,162.550,62.103876,-146.174541,1000,NORMAL,002066|002170
KPS504,Nenana,AK,162.400,64.581944,-149.079444,300,NORMAL,002068|002240|002290
KPS505,Sumterville,FL,162.500,28.763889,-82.059722,1000,NORMAL,012017|012053|012069|012083|012119
KPS506,Washington,GA,162.500,33.721583,-82.722333,319,NORMAL,013317
KPS507,Glentana,MT,162.525,48.794444,-106.245556,60,NORMAL,030019|030105|230105|430019
KPS509,Salmon,ID,162.500,45.145278,-114.008333,100,NORMAL,016059
KPS511,Great Bend,KS,162.500,38.447944,-98.76925,1060,NORMAL,020009|020053|020145|020159|020165|020167|020185
KQC45,Bullhead City,NV,162.500,35.247222,-114.743333,200,NORMAL,004015|006071|032003|832003
KSC43,Gore Mtn.,NY,162.450,43.672778,-74.048889,300,NORMAL,036031|036035|036041|036091|036113|036115|050001|050021
KUT404,Aberdeen,MS,162.450,33.839167,-88.5739,300,NORMAL,001075|028017|028025|028057|028081|028087|028095|028115
KWL22,Malibu Marine,CA,162.425,34.0144,-118.812,300,NORMAL,006037
KWN30,Kotzebue,AK,162.550,66.8861,-162.613611,1000,DEGRADED,002188
KWN31,Cumby,TX,162.500,33.140405,-95.80875,1060,NORMAL,048085|048119|048147|048159|048223|048231|048257|048379|048397|048467|048499
KWN32,Gilmer,TX,162.425,32.727278,-94.917639,1060,NORMAL,048063|048067|048159|048183|048203|048315|048343|048449|048459|048499
KWN33,Stephenville,TX,162.450,32.12853,-98.303333,1090,NORMAL,048035|048049|048093|048133|048143|048193|048221|048333|048363|048425
KWN34,Palestine,TX,162.450,31.717806,-95.649667,1010,NORMAL,048001|048073|048161|048213|048225|048289|048349
KWN35,Morgantown,WV,162.475,39.6084,-79.9878,340,NORMAL,042051|042059|054033|054049|054061|054077|054091|054103
KWN36,Greggs Knob,WV,162.500,39.510611,-79.533139,329,NORMAL,024023|054001|054049|054061|054077|054091|054093
KWN37,Sweetwater,TX,162.425,32.346361,-100.352,335,NORMAL,048151|048253|048335|048353|048415|048441
KWN38,Morriston,FL,162.550,29.2844,-82.663889,1000,NORMAL,012017|012029|012075
KWN39,Jackson,WY,162.525,43.46306,-110.7633,300,NORMAL,056039
KWN40,Fort Morgan,CO,162.525,40.244425,-103.8978,300,NORMAL,008075|008087|008121
KWN41,Shubert,NE,162.500,40.219694,-95.665583,1000,NORMAL,020013|020043|020131|029005|029087|031097|031127|031131|031133|031147
KWN42,Rolla,ND,162.475,48.8475,-99.656389,300,NORMAL,038009|038049|038069|038079|038095
KWN43,Langdon,ND,162.500,48.754972,-98.361139,301,NORMAL,038019
KWN44,Cavalier,ND,162.450,48.733973,-97.750932,297,NORMAL,038067
KWN45,Willow City,ND,162.450,48.604167,-100.303056,300,NORMAL,038009|038049|038069|038079|038095
KWN46,Sheyenne,ND,162.525,47.775501,-99.146556,1000,NORMAL,038005|038027|038031|038039|038069|038073|038093|038103
KWN47,Storm Lake,IA,162.450,42.6497,-95.2119,301,NORMAL,019021|019035|019093|019151|019161
KWN48,Sanborn,IA,162.525,43.180917,-95.643139,302,NORMAL,019141|019143|019167
KWN49,Atoka,OK,162.500,34.376639,-96.109278,316,NORMAL,040005|040013|040029|040069|040123
KWN50,Ashburn,GA,162.450,31.639444,-83.749444,300,NORMAL,013081|013095|013177|013277|013287|013321
KWN51,Uvalde,TX,162.425,29.247028,-99.796111,1010,NORMAL,048463
KWN52,Lobelville,TN,162.525,35.7658,-87.8317,1020,NORMAL,047005|047039|047077|047081|047085|047101|047135|047181
KWN53,Centerville,TN,162.450,35.736639,-87.373806,308,NORMAL,047081|047101|047119
KWN54,Durango,CO,162.425,37.363889,-107.7825,300,NORMAL,008007|008067|035039|035045
KWN55,Jamestown,MO,162.425,38.750333,-92.559,1020,NORMAL,029019|029051|029053|029089|029135
KWN56,Steamboat Springs,CO,162.525,40.354444,-106.698889,300,NORMAL,008049|008057|008081|008107|008117
KWN59,Kirwin,KS,162.500,39.6036,-99.121667,1070,NORMAL,020137|020141|020147|020163|020183|031061|031083
KWN60,Lamar,CO,162.525,38.0381,-102.4297,1000,NORMAL,008009|008011|008061|008099
KWN62,Ord,NE,162.525,41.7144,-98.868778,230,NORMAL,031041|031071|031077|031093|031115|031163|031175|031183
KWO35,New York City,NY,162.550,40.748477,-73.9853,1000,OUT OF SERVICE,009001|034003|034013|034017|034019|034023|034025|034027|034031|034035|034037|034039|034041|036005|036047|036059|036061|036071|036079|036081|036085|036087|036103|036119
KWO37,Los Angeles,CA,162.550,34.268722,-118.237694,340,NORMAL,006037|006111
KWO39,Chicago,IL,162.550,41.878889,-87.636111,300,NORMAL,017031|017043|017097|018089|018127
KXI20,Chadron,NE,162.525,42.635,-103.103333,1000,NORMAL,031013|031045|031161|031165
KXI21,Yankton,NE,162.500,42.842056,-97.484611,1000,NORMAL,031027|031107|046009|046027|046067|046125|046135
KXI22,Brasstown Bald,GA,162.500,34.874167,-83.811944,100,NORMAL,013111|013187|013281|013291|013311|037043
KXI23,Greer,AZ,162.525,34.1119,-109.574553,300,NORMAL,004001|004005|004007|004017
KXI24,Safford,AZ,162.475,32.649444,-109.849167,80,NORMAL,004003|004009|004011|104003|304003|704003|904003
KXI25,Pickstown,SD,162.425,43.065,-98.4892,302,NORMAL,031015|031089|046023|046043|046053
KXI26,Hopkinsville,KY,162.450,36.879444,-87.504722,300,NORMAL,021047|021219|021221
KXI27,Forks,WA,162.425,47.749167,-124.177778,330,NORMAL,053009|053027|053031
KXI28,Sandersville,GA,162.450,32.981444,-82.80525,1020,NORMAL,013009|013107|013125|013141|013163|013167|013175|013283|013301|013303|013319
KXI29,Whittier,AK,162.475,60.7769,-148.69037,100,NORMAL,002063
KXI30,Wendover,UT,162.475,40.754444,-114.019444,100,NORMAL,032007|049003|049045
KXI31,Jeffers,MN,162.450,44.0567,-95.1956,1040,NORMAL,027015|027033|027063|027101|027105|027127|027165
KXI32,Appleton,MN,162.550,45.1675,-95.999722,1000,NORMAL,027011|027023|027067|027073|027121|027129|027149|027151|027173|046039|046051
KXI33,West Branch,MI,162.450,44.276972,-84.313278,1000,NORMAL,026011|026051|026069|026129|026143
KXI34,Rock Springs,WY,162.550,41.430556,-109.120278,300,NORMAL,049009|056037
KXI35,Alton,MO,162.500,36.6983,-91.4103,300,NORMAL,029091|029149|029203
KXI37,Rawlins,WY,162.425,41.6794,-107.2364,300,NORMAL,056007|056037
KXI38,West Plains,MO,162.525,36.6936,-91.8833,291,NORMAL,029067|029091|029149|029153
KXI39,New Ulm,MN,162.525,44.2772,-94.440778,1010,NORMAL,027013|027015|027033|027043|027063|027085|027091|027103|027127|027129|027143|027165
KXI41,Crystal Lake,IL,162.500,42.259444,-88.3625,300,NORMAL,017007|017031|017089|017097|017111|055059|055127
KXI42,Chester,IL,162.450,37.953139,-89.876639,315,NORMAL,017145|017157|029157|029186
KXI43,Grand Marais,MN,162.450,47.8664,-90.143889,300,NORMAL,027031
KXI44,Ely,MN,162.500,47.894444,-91.863333,300,NORMAL,027075|327137
KXI45,Gunflint Lake,MN,162.525,48.078333,-90.76,300,OUT OF SERVICE,027031|027075
KXI46,Shelbyville,IL,162.500,39.306111,-88.935556,300,NORMAL,017021|017049|017051|017139|017173
KXI47,Paris,IL,162.525,39.552222,-87.7,300,NORMAL,017023|017029|017041|017045|018167
KXI48,Newton,IL,162.450,38.964105,-88.2231,1000,NORMAL,017023|017025|017033|017035|017047|017049|017079|017101|017159|017191
KXI49,Salem,IL,162.475,38.5439,-88.9245,1070,NORMAL,017005|017027|017051|017081|017121|017189|017191
KXI50,Russell,MN,162.500,44.313639,-95.957472,1060,NORMAL,027081|027083|027101|027117|027127|027173
KXI52,McLeansboro,IL,162.400,38.1139,-88.5458,300,NORMAL,017059|017065|017165|017193
KXI54,Burkeville,TX,162.425,31.17325,-93.56762,1000,NORMAL,022011|022085|022115|048241|048351|048403|048405
KXI55,Onalaska,TX,162.500,30.849722,-95.1097,1000,NORMAL,048225|048339|048373|048407|048455|048471
KXI56,Gonzales,TX,162.525,29.546667,-97.406667,1000,NORMAL,048055|048123|048177|048187|048285
KXI57,Ardmore,OK,162.525,34.41625,-97.15,340,NORMAL,040019|040049|040067|040069|040085|040095|040099|040123|040137
KXI58,Plano,IL,162.400,41.6061,-88.4525,300,NORMAL,017037|017043|017063|017089|017093|017099|017197
KXI59,Philip,SD,162.450,43.981111,-101.642778,1000,NORMAL,046055|046071|046103|646103
KXI60,Decorah,IA,162.525,43.2875,-91.8844,300,NORMAL,019005|019037|019065|019089|019191|027045|027055
KXI62,Montezuma,IA,162.450,41.6108,-92.562722,299,NORMAL,019095|019099|019107|019123|019125|019157|019171
KXI65,Lenox,IA,162.450,40.842306,-94.632556,302,NORMAL,019001|019003|019159|019173|019175
KXI66,Piedmont,MO,162.425,37.0931,-90.8439,1000,NORMAL,029023|029035|029179|029181|029223
KXI68,St. Ansgar,IA,162.450,43.372222,-92.833056,1000,NORMAL,019033|019037|019067|019089|019131|019195|027047|027099
KXI70,Jerseyville,IL,162.450,39.104194,-90.264611,311,NORMAL,017013|017061|017083|017117|017119
KXI71,Arlington,SD,162.525,44.355278,-97.123889,1060,NORMAL,046011|046025|046039|046057|046077|046079|046097
KXI73,Backbone Mountain,WV,162.450,39.1456,-79.5766,145,NORMAL,024023|054001|054023|054077|054083|054093
KXI74,Monterville,WV,162.525,38.5658,-80.151944,300,NORMAL,054041|054075|054083|054097|054101
KXI75,Blue Ridge,GA,162.475,34.8675,-84.333889,300,NORMAL,013111|013123|037039|047139
KXI76,La Grange,GA,162.450,33.021361,-84.997833,324,NORMAL,001017|001111|013045|013077|013149|013199|013285
KXI77,Eastman,GA,162.400,32.217583,-83.224944,1050,NORMAL,013017|013023|013081|013091|013093|013153|013167|013175|013225|013235|013271|013283|013287|013289|013309|013315|013319
KXI79,Hillsboro,IL,162.425,39.170574,-89.512124,312,OUT OF SERVICE,017005|017051|017117|017135
KXI80,Craig,AK,162.475,55.474069,-133.137279,300,NORMAL,002198
KXI81,Clayton,GA,162.450,34.8456,-83.4997,300,NORMAL,013011|013119|013137|013139|013147|013241|013257|013281|013311|037113|045073
KXI82,Grangeville,ID,162.450,45.863611,-116.122778,25,NORMAL,016049
KXI83,Kingman,AZ,162.425,35.094191,-113.905661,100,NORMAL,004012|004015|006071|032003|832003
KXI84,Lake Havasu,AZ,162.400,34.616667,-114.270556,100,NORMAL,004012|004015|006071
KXI85,Evanston,WY,162.450,41.3525,-110.9072,300,NORMAL,049033|049043|056041
KXI86,Crescent City,IL,162.500,40.7178,-87.86,300,NORMAL,017053|017075|017091|017183|018007|018111
KXI87,Corsicana,TX,162.525,32.076536,-96.490889,1040,NORMAL,048001|048139|048161|048213|048217|048257|048293|048349|048467
KXI88,Stinnett,TX,162.400,35.844021,-101.446305,300,NORMAL,048065|048233|048341
KXI89,Eatonton,GA,162.525,33.3083,-83.390306,1000,NORMAL,013009|013021|013035|013133|013141|013151|013159|013169|013171|013207|013211|013217|013219|013237|013247|013265|013297
KXI90,Montrose,CO,162.450,38.338056,-107.638333,300,NORMAL,008029|008051|008085|008091
KXI91,Morrilton,AR,162.475,35.165194,-92.714333,387,NORMAL,005029|005045|005105|005115
KXI92,High Peak,AR,162.425,34.4728,-93.605,300,NORMAL,005019|005051|005057|005059|005061|005097|005105|005109|005113|005125|005127|005149
KXI93,Cape Girardeau,MO,162.550,37.3625,-89.5222,300,NORMAL,017003|017181|029017|029031|029133|029157|029201
KXI94,Angola,IN,162.425,41.6867,-84.9836,1000,DEGRADED,018033|018087|018113|018151|026023|026059|026149|039039|039051|039069|039171
KXI95,Warsaw,NC,162.425,34.9281,-78.0558,300,NORMAL,037017|037061|037103|037107|037133|037141|037163|037191
KXI96,Russell,AR,162.400,35.3811,-91.524667,1200,NORMAL,005023|005063|005067|005085|005095|005117|005145|005147
KXI97,Mena,AR,162.400,34.4545,-94.143333,307,NORMAL,005057|005061|005081|005097|005109|005113|005127|005133|040089
KXI98,Marshalltown,IA,162.500,42.0475,-92.8617,300,NORMAL,019075|019083|019099|019127|019157|019169|019171
KZZ27,Newport,IN,162.425,39.853889,-87.408333,300,NORMAL,018045|018121|018165|018171
KZZ28,Covesville,VA,162.450,37.876528,-78.690972,980,NORMAL,051003|051007|051009|051011|051015|051029|051031|051037|051047|051049|051065|051075|051079|051109|051111|051113|051125|051135|051137|051145|051147|051165|051177|051540|051790|051820
KZZ29,Coleraine,MN,162.400,47.2922,-93.4822,1000,NORMAL,027061|127061|227001|227021|327061|427137|827061
KZZ30,El Dorado Springs,MO,162.475,37.870194,-94.033139,1000,NORMAL,020011|020037|029011|029013|029015|029039|029057|029085|029167|029185|029217
KZZ31,Hardyston,NJ,162.500,41.143611,-74.538056,1000,NORMAL,034003|034013|034019|034027|034031|034035|034037|034039|034041|036071|036087|036105|042089|042095|042103|042127
KZZ32,Meadville,PA,162.475,41.654389,-80.125944,300,NORMAL,039007|039155|042039|042049|042085|042121
KZZ33,Mount Pleasant,MI,162.525,43.575833,-84.774722,1000,NORMAL,026035|026057|026073|026107|026111|026117|026133
KZZ34,Carrollton,MO,162.450,39.3665,-93.403556,1120,NORMAL,029025|029033|029041|029053|029089|029107|029115|029117|029121|029159|029175|029177|029195
KZZ35,Escanaba,MI,162.500,45.779722,-87.140556,1000,NORMAL,026041|026043|026109
KZZ36,North Webster,IN,162.500,41.358889,-85.7,300,NORMAL,018039|018049|018085|018087|018099|018113|018141|018169|018183
KZZ37,Maryville,MO,162.425,40.2875,-94.790833,1330,NORMAL,019145|019173|029003|029005|029075|029081|029087|029147|029227
KZZ38,Trenton,MO,162.500,40.154444,-93.422778,1000,NORMAL,029025|029061|029079|029081|029115|029117|029129|029171|029211
KZZ39,Clinton,MO,162.500,38.503611,-93.758056,980,NORMAL,029013|029015|029037|029083|029101|029159|029185
KZZ40,Deerfield,NH,162.450,43.175833,-71.208056,300,NORMAL,023031|025009|025017|025027|033001|033003|033005|033011|033013|033015|033017
KZZ41,Mt. Washington,NH,162.500,44.270278,-71.303333,100,NORMAL,023005|023007|023017|023025|023031|033001|033003|033007|033009|033013|033015|033017|050005|050009|050017
KZZ42,Reynoldsville,PA,162.500,41.0719,-78.9392,300,NORMAL,042005|042031|042033|042063|042065
KZZ43,Branson,MO,162.550,36.715889,-93.367611,1050,NORMAL,029009|029043|029209|029213
KZZ44,Elephant Lake,MN,162.450,48.18,-92.750278,300,NORMAL,027071|127137
KZZ45,Virginia,MN,162.475,47.4875,-92.52,300,NORMAL,427137|627137
KZZ46,Athens,OH,162.425,39.30825,-82.118083,1030,NORMAL,039009|039053|039073|039079|039105|039115|039127|039163|039167|054035|054053|054073|054107
KZZ47,Carey,OH,162.525,40.933222,-83.379944,308,NORMAL,039033|039063|039065|039101|039137|039147|039173|039175
KZZ48,Owenton,KY,162.450,38.525556,-84.811111,300,NORMAL,018155|021041|021073|021077|021081|021097|021103|021187|021191|021209|021211
KZZ49,Maysville,KY,162.425,38.6403,-83.8083,300,NORMAL,021023|021069|021135|021161|021201|039001|039015
KZZ50,Essex,IA,162.550,40.812778,-95.252194,303,NORMAL,019071|019129|019137|019145
KZZ51,Carroll,IA,162.425,42.049028,-94.8844,1250,NORMAL,019009|019025|019027|019047|019073|019077|019093|019161|019165
KZZ52,Hancock/Pottawattam,IA,162.525,41.34425,-95.256028,750,NORMAL,019001|019003|019009|019029|019085|019129|019137|019155|019165
KZZ53,Utqiagvik,AK,162.550,71.288352,-156.762283,300,NORMAL,002185
KZZ54,Lewistown,MT,162.500,47.177778,-109.535833,100,NORMAL,030015|030027|030045
KZZ55,Dixon,IL,162.525,41.897778,-89.605556,300,NORMAL,017011|017015|017103|017141|017195
KZZ56,Freeport,IL,162.450,42.328056,-89.725,300,NORMAL,017015|017085|017141|017177|017201|055045|055065
KZZ57,Rockford,IL,162.475,42.3672,-89.0869,1000,NORMAL,017007|017037|017103|017141|017177|017201|055045|055105
KZZ58,Kankakee,IL,162.525,41.0775,-87.756111,300,NORMAL,017075|017091|017197|018089|018111
KZZ59,Porcupine,SD,162.500,43.178889,-102.324444,1000,NORMAL,046007|046071|046102
KZZ60,Reliance,SD,162.525,43.965833,-99.603333,1000,NORMAL,046015|046017|046053|046059|046065|046069|046085|046123
KZZ61,Whitesville,KY,162.475,37.691944,-86.848889,300,NORMAL,018123|018147|021027|021059|021091|021183
KZZ62,Burkesville,KY,162.475,36.79067,-85.241057,300,NORMAL,021057
KZZ63,Campbellsville,KY,162.525,37.423623,-85.274201,300,NORMAL,021217
KZZ64,Ekron,KY,162.450,37.902704,-86.168283,300,NORMAL,021027|021163
KZZ65,Bloomington,IL,162.525,40.476111,-89.033889,300,NORMAL,017039|017113|017179|017203
KZZ66,Galesburg,IL,162.400,40.988056,-90.317778,300,NORMAL,017073|017095|017131|017187
KZZ67,Blue Rapids,KS,162.425,39.706686,-96.557,1080,NORMAL,020117|020131|020149|020161|020201
KZZ68,Van Wert,IA,162.475,40.868111,-93.804833,309,NORMAL,019039|019053|019117|019159|019175|019185|029081|029129
KZZ69,Beatrice,NE,162.450,40.218561,-96.91583,1000,NORMAL,031067|031095|031151
KZZ70,Blakely,GA,162.525,31.402222,-84.959167,1000,NORMAL,001067|001069|012063|013037|013061|013087|013099|013201|013239|013243|013253|013273
KZZ72,Sedgwick Peak,ID,162.425,42.515833,-111.9225,100,NORMAL,016005|016007|016011|016029|016041|016071
KZZ73,Dayton,WA,162.525,46.353556,-117.717167,300,NORMAL,053013|053023|053075
KZZ76,Racine,WI,162.450,42.669722,-87.8475,300,NORMAL,017097|017111|055059|055079|055101|055127|055133
KZZ77,Withee,WI,162.425,44.914167,-90.657222,1000,NORMAL,055017|055019|055035|055073|055107|055119|055141
KZZ78,Ashland,WI,162.525,46.608056,-90.836944,1000,NORMAL,026053|055003|055007|055051
KZZ79,Spooner,WI,162.475,45.986787,-91.793709,1000,NORMAL,027115|055005|055007|055013|055031|055095|055113|055129
KZZ80,Milford,IA,162.550,43.343083,-95.207889,300,NORMAL,019041|019059|019063|019147|027063
KZZ81,Lockport,IL,162.425,41.6006,-87.97895,1000,NORMAL,017031|017043|017063|017089|017091|017093|017197|018089
KZZ82,Gainesville,MO,162.425,36.663861,-92.517056,1000,NORMAL,029067|029153|029213
KZZ83,Maquoketa,IA,162.425,42.090556,-90.726944,300,NORMAL,017015|017085|019031|019045|019055|019061|019097|019105
KZZ84,Aitkin,MN,162.450,46.469444,-93.526944,1000,NORMAL,027001|027017|027035|027065|027095|027097|027115|227001|827001
KZZ85,Cameron,MO,162.475,39.752778,-94.25,302,NORMAL,029003|029021|029025|029047|029049|029061|029063|029075|029177
KZZ86,Althorp Peak,AK,162.425,58.09323,-136.4146,5,NORMAL,002105|002110|002220
KZZ87,Mt. Robert Barron,AK,162.450,58.226944,-134.841667,5,NORMAL,002105|002110
KZZ88,Cape Fanshaw,AK,162.425,57.204722,-133.465833,5,NORMAL,002110|002195|002275
KZZ89,Sukkwan Island,AK,162.425,55.111944,-132.758611,5,NORMAL,002198
KZZ90,Raspberry Island,AK,162.425,58.066389,-153.376944,5,NORMAL,002060|002150
KZZ91,Zarembo Island,AK,162.450,56.345278,-132.861389,5,NORMAL,002275
KZZ92,Duke Island,AK,162.450,54.883333,-131.358333,5,NORMAL,002130
KZZ93,Point Pigot,AK,162.450,60.817222,-148.38,5,NORMAL,002063
KZZ95,Mt. McArthur,AK,162.525,56.069167,-134.191944,5,NORMAL,002220
KZZ96,Gravina Island,AK,162.525,55.3675,-131.8,5,NORMAL,002130
KZZ97,Ninilchik,AK,162.550,60.043337,-151.676849,300,NORMAL,002122
KZZ98,Wasilla,AK,162.400,61.601576,-149.360616,300,NORMAL,002020|002170
WNG521,Bogalusa,LA,162.525,30.88654,-90.04895,1000,NORMAL,022091|022103|022105|022117|028073|028091|028109|028113|028147
WNG522,Palatka,FL,162.425,29.7375,-81.6691,300,NORMAL,012019|012035|012107|012109
WNG523,Dilley,TX,162.500,28.675472,-99.188972,294,NORMAL,048163|048283
WNG524,Trenton,NE,162.500,40.241111,-101.044722,379,NORMAL,031057|031085|031087|031145
WNG525,Tuklung Mtn.,AK,162.425,58.8575,-159.465833,5,NORMAL,002070
WNG526,Rugged Island,AK,162.425,59.860661,-149.39478,5,NORMAL,002122
WNG527,Potato Point,AK,162.425,61.056543,-146.697377,5,NORMAL,002063
WNG528,Bede Mountain,AK,162.450,59.310278,-151.943889,5,NORMAL,002122|002150
WNG529,Cape Gull,AK,162.500,58.199694,-154.205084,5,NORMAL,002150
WNG530,East Point,AK,162.500,60.645,-147.346944,5,NORMAL,002063
WNG531,Pillar Mtn.,AK,162.525,57.788202,-152.437856,5,NORMAL,002150
WNG532,Cape Hinchinbrook,AK,162.525,60.275576,-146.638974,5,NORMAL,002063
WNG533,Browning,MT,162.525,48.596111,-113.018889,300,NORMAL,030035
WNG534,Belvidere,KS,162.525,37.530528,-99.050806,1040,NORMAL,020007|020033|020047|020097|020151|020185
WNG535,Dighton,KS,162.525,38.432444,-100.464833,1060,NORMAL,020055|020063|020083|020101|020135|020171
WNG536,DeKalb,IL,162.550,41.9356,-88.7642,100,NORMAL,017007|017037|017089|017103|017141|017201
WNG537,Windsor,NC,162.525,36.0636,-76.9736,300,NORMAL,037013|037015|037041|037065|037073|037083|037091|037117|037131|037143|037147|037187
WNG538,Linville,NC,162.450,36.06317,-81.84184,300,NORMAL,037003|037011|037023|037027|037035|037111|037121|037161|037189|037193|037199
WNG539,Spencerport,NY,162.525,43.1431,-77.8497,175,NORMAL,036055
WNG541,Frewsburg,NY,162.525,42.0467,-79.0903,175,NORMAL,036013
WNG542,Greenville,ME,162.425,45.4625,-69.552222,300,NORMAL,023021|023025
WNG543,Jonesboro Marine,ME,162.450,44.6369,-67.6261,1000,NORMAL,023029
WNG544,Clarksville,NH,162.400,45.0219,-71.416938,100,NORMAL,033007|050009
WNG545,Holderness,NH,162.550,43.7628,-71.6494,300,NORMAL,033001|033003|033009|033013|033019|050017|050027
WNG546,Hanover,NH,162.525,43.7092,-72.1542,300,NORMAL,033001|033003|033009|033013|033019|050017|050027
WNG547,Sugarloaf Mtn,ME,162.450,45.031722,-70.313139,100,NORMAL,023001|023007|023011|023017|023019|023021|023025|023027
WNG549,Columbus,NE,162.450,41.4525,-97.253028,1020,NORMAL,031023|031037|031053|031121|031125|031141|031143|031155
WNG550,Franktown,CO,162.450,39.370134,-104.679368,300,NORMAL,008001|008005|008013|008014|008019|008031|008035|008047|008059|008093|008123|408005|508005|608005
WNG551,Firesteel,SD,162.425,45.421111,-101.285833,1000,NORMAL,046031|046041|046137
WNG552,New London,WI,162.525,44.4175,-88.9175,1000,NORMAL,055078|055087|055097|055115|055135|055137|055139
WNG553,Wausaukee,WI,162.400,45.4275,-87.9775,1000,NORMAL,026109|055029|055075|055083
WNG554,Winchester,TN,162.525,35.0875,-86.111667,1000,NORMAL,001071|001083|001089|047003|047031|047051|047061|047103|047127
WNG555,Meade,KS,162.425,37.286083,-100.399528,1080,NORMAL,020025|020057|020069|020081|020119|020175|040007
WNG556,Moab,UT,162.475,38.528889,-109.323611,300,NORMAL,049015|049019|049037
WNG557,Faith,SD,162.475,45.053889,-102.263056,1000,NORMAL,046093|046105|046137|246093
WNG558,White River,SD,162.550,43.576389,-100.743333,1000,NORMAL,046075|046095|046121
WNG559,Fossil,OR,162.550,44.960111,-119.951722,270,NORMAL,041021|041069
WNG560,John Day,OR,162.500,44.293889,-119.042222,300,NORMAL,041023
WNG561,Plainview,TX,162.450,34.220556,-101.715833,1000,NORMAL,048045|048069|048153|048189|048279|048437
WNG562,Seminole,TX,162.425,32.707222,-102.624861,1000,NORMAL,035025|048003|048115|048165|048317|048445|048501
WNG563,Cody,WY,162.400,44.587222,-108.852222,300,NORMAL,030009|056003|056029
WNG564,Black River Falls,WI,162.500,44.375,-90.8419,300,NORMAL,055019|055035|055053|055081|055121|055141
WNG565,Rhinelander,WI,162.400,45.726111,-89.415,1000,NORMAL,055041|055067|055069|055085|055099|055125
WNG567,Broadus,MT,162.425,45.475278,-105.498889,300,NORMAL,030011|030017|030075
WNG568,Worland,WY,162.525,44.195556,-107.511944,300,NORMAL,056003|056043
WNG569,Afton,WY,162.475,42.8508,-110.9808,300,NORMAL,056023
WNG570,Horse Cave,KY,162.500,37.17643,-85.923565,1000,NORMAL,021001|021009|021045|021061|021085|021087|021099|021123|021169
WNG571,Glendo,WY,162.450,42.346111,-105.035278,1000,NORMAL,056009|056015|056027|056031
WNG572,Petoskey,MI,162.475,45.5694,-85.0406,300,OUT OF SERVICE,026031|026047
WNG573,Thermopolis,WY,162.500,43.437222,-107.997222,300,NORMAL,056013|056017
WNG574,Gloucester Marine,MA,162.425,42.62563,-70.64654,100,NORMAL,025009
WNG575,Pack Monadnock,NH,162.525,42.861111,-71.879167,300,NORMAL,025009|025017|025027|033005|033011|033013|033015|033019|050025
WNG576,Newberry,MI,162.450,46.319167,-85.537222,300,NORMAL,026003|026033|026095|026097
WNG577,Ladysmith,WI,162.550,45.555833,-90.965028,1020,NORMAL,055005|055017|055099|055107|055113|055119|055129
WNG578,Superior,NE,162.525,40.1256,-98.0678,1000,NORMAL,020089|020157|031001|031035|031059|031129|031169|031181
WNG579,Walsenburg,CO,162.450,37.641389,-104.773056,300,NORMAL,008027|008055|008071|008101
WNG581,Steele,ND,162.400,46.665278,-99.758333,300,NORMAL,038015|038029|038043|038047|038093
WNG582,Sandusky,MI,162.450,43.4106,-82.8064,300,NORMAL,026063|026087|026147|026151|026157
WNG583,Lake Bronson,MN,162.525,48.717267,-96.605401,344,NORMAL,027069|027135
WNG584,Avalon,CA,162.525,33.343278,-118.321667,146,NORMAL,006037
WNG586,Henderson,NC,162.500,36.310278,-78.501111,300,NORMAL,037069|037077|037145|037181|037185|051025|051117
WNG588,Mount Jefferson,NC,162.500,36.4032,-81.4638,300,NORMAL,037003|037005|037009|037027|037035|037059|037097|037171|037189|037193|037197|047091|051077|051191
WNG589,Altoona,PA,162.425,40.568181,-78.440874,300,NORMAL,042009|042013|042021|042061
WNG591,Coudersport,PA,162.500,41.75969,-77.876011,500,NORMAL,042083|042105
WNG592,San Simeon,CA,162.525,35.685111,-121.167222,128,NORMAL,006079
WNG594,Manti,UT,162.425,39.321944,-111.770833,150,NORMAL,049023|049039|049041
WNG595,Conway Summit,CA,162.525,38.088333,-119.176944,300,NORMAL,006051
WNG596,Cape Blanco,OR,162.425,42.73933,-124.51033,150,NORMAL,041015
WNG597,Ellerbe,NC,162.400,35.12013,-79.71078,300,NORMAL,037007|037093|037123|037125|037151|037153|037165|037167|045025|045069
WNG600,D'Hanis,TX,162.525,29.320833,-99.331944,300,NORMAL,048163|048325|048463
WNG601,Rio Grande City,TX,162.425,26.405,-98.776111,600,NORMAL,048427|048505
WNG604,Davis Peak,WA,162.525,45.9933,-122.5964,85,NORMAL,041009|053011|053015
WNG605,Burley,ID,162.475,42.361389,-113.455556,100,NORMAL,016013|016031|016053|016063|016067|016077
WNG606,Oneonta,AL,162.425,33.985861,-86.459972,315,NORMAL,001009|001043|001055|001073|001115|001127
WNG607,Greenville,AL,162.425,31.877222,-86.728333,300,NORMAL,001001|001013|001035|001041|001047|001085|001099|001101|001131
WNG608,Cassville,MO,162.500,36.671861,-93.896639,1000,NORMAL,029009|029109|029119|029145
WNG609,Riviera,TX,162.525,27.292222,-97.8075,1030,NORMAL,048047|048249|048261|048273
WNG610,Waubun,MN,162.450,47.180256,-95.778167,302,NORMAL,027005|027057|027087|027107
WNG627,Aiken,SC,162.450,33.5717,-81.6969,300,NORMAL,013073|013245|045003|045011|045037
WNG628,Georgetown,SC,162.500,33.444949,-79.300595,300,NORMAL,045043|045089
WNG629,Spencer,TN,162.450,35.748917,-85.46725,1050,NORMAL,047007|047035|047041|047061|047115|047141|047153|047175|047177|047185
WNG630,Finland,MN,162.425,47.456389,-91.231667,300,NORMAL,027075
WNG631,Lafayette,TN,162.525,36.432222,-85.883611,1000,NORMAL,021003|021171|047027|047087|047111|047159|047165|047169|047189
WNG632,Oktaha,OK,162.525,35.603556,-95.499306,346,NORMAL,040021|040061|040091|040101|040111|040121|040135|040145
WNG633,Sneads,FL,162.425,30.639167,-84.979722,1000,NORMAL,001069|012013|012039|012063|012077|013087|013099|013201|013253
WNG634,Pahrump,NV,162.400,35.965,-115.500833,100,NORMAL,006027|006071|032003|032009|032017|032023|132003|332003|432003|532003|632003|832003
WNG635,Selma,AL,162.450,32.5256,-86.9828,1000,NORMAL,001001|001007|001013|001021|001047|001085|001105|001131
WNG636,Cisco,TX,162.500,32.3514,-99.018333,1090,NORMAL,048049|048059|048093|048133|048417|048429
WNG637,San Diego Marine,CA,162.425,32.840056,-117.253028,60,NORMAL,006073
WNG638,Dillon,MT,162.475,44.9444,-112.734722,140,NORMAL,030001
WNG639,Cherokee Village,AR,162.475,36.259472,-91.693417,313,NORMAL,005049|005065|005135
WNG640,Leakesville,MS,162.425,31.176667,-88.597222,1000,NORMAL,001097|001129|028035|028039|028041|028059|028067|028111|028131|028153
WNG641,Seguin,TX,162.475,29.65475,-97.82425,1010,NORMAL,048055|048091|048187|048209
WNG642,Arab,AL,162.525,34.3444,-86.4389,300,NORMAL,001043|001049|001071|001089|001095
WNG643,Marvell,AR,162.525,34.6225,-90.979056,1070,NORMAL,005107
WNG644,Bartlesville,OK,162.425,36.756111,-95.8475,1000,NORMAL,020019|020099|020125|040035|040097|040105|040113|040117|040131|040143|040147
WNG645,Albion,NE,162.500,41.622528,-98.119472,297,NORMAL,031011|031077|031125|031141|031183
WNG646,Brewton,AL,162.475,31.264722,-87.125833,1000,NORMAL,001035|001039|001053|001099|012033|012091|012113
WNG647,Adrian / Petersburg,MI,162.450,41.903056,-83.986944,300,NORMAL,026059|026075|026091|026115|026161|039051|039069|039095|039171
WNG648,Crocker,MO,162.500,37.9522,-92.03,1000,NORMAL,029161|029169
WNG649,Milano,TX,162.525,30.72573,-96.808611,300,NORMAL,048027|048041|048051|048145|048287|048331|048395|048491
WNG650,Center,TX,162.525,31.726389,-94.257778,300,NORMAL,048347|048365|048401|048403|048405|048419
WNG651,Mineral Wells,TX,162.525,32.855,-98.087222,300,NORMAL,048143|048221|048237|048363|048367|048429|048439|048497|048503
WNG652,El Paso Spanish,TX,162.550,31.765556,-106.4775,125,NORMAL,035013|035035|048141|048229
WNG653,Marietta,TX,162.525,33.196944,-94.474722,300,NORMAL,048067
WNG654,Stillwater,OK,162.500,36.118083,-97.002,1070,NORMAL,040037|040081|040083|040103|040117|040119
WNG655,Contra Costa County,CA,162.425,37.8814,-121.915556,100,NORMAL,006001|006013
WNG656,Fort Ransom,ND,162.525,46.523687,-97.956331,1000,NORMAL,038003|038031|038069|038077|038081|038093
WNG657,Summerfield,TX,162.500,34.738611,-102.511667,1000,NORMAL,035009|048017|048069|048117|048279|048359|048369|048381
WNG658,Scranton,ND,162.525,46.1825,-103.048889,1000,NORMAL,038001|038011|038041|038087|046063|046105
WNG659,El Paso Mtns.,CA,162.425,35.4775,-117.700278,300,NORMAL,006027|006029|006037|006071
WNG660,Gillette,WY,162.500,44.243056,-105.538611,1000,NORMAL,056011|056045|256005|556005|856005
WNG661,Newcastle,WY,162.475,43.8325,-104.218889,300,NORMAL,046033|046047|056027|056045
WNG662,Kaycee,WY,162.550,43.719909,-106.651011,300,NORMAL,056019
WNG663,Princeton,FL,162.425,25.537583,-80.403639,376,NORMAL,012086|012087
WNG664,Springfield,CO,162.400,37.41,-102.626944,1000,NORMAL,008009|008011|008071|008099
WNG666,Iowa Falls,IA,162.525,42.505,-93.263167,301,NORMAL,019023|019069|019075|019079|019083|019197
WNG667,Grant Village,WY,162.450,44.3811,-110.5453,300,NORMAL,030067|056029|056039
WNG668,Denison,IA,162.550,42.0458,-95.319889,300,NORMAL,019027|019047|019093|019133|019161|019165
WNG669,Castle Dale,UT,162.500,39.21,-111.1425,100,NORMAL,049007|049015|049017|049041|049055
WNG670,Winnett,MT,162.400,46.990833,-108.333889,300,NORMAL,030033|030069|430033
WNG671,Castleton,VT,162.500,43.658889,-73.106944,300,NORMAL,036031|050001|050003|050021
WNG672,Wolf Lake,MI,162.425,43.980556,-85.843333,1000,NORMAL,026085|026101|026105|026107|026123|026127|026133|026165
WNG673,Long Prairie,MN,162.525,45.9964,-94.89825,1020,NORMAL,027021|027035|027041|027097|027111|027121|027145|027153|027159
WNG674,Florence,OR,162.500,44.124278,-124.013056,116,NORMAL,041039|041041
WNG675,Bethel,AK,162.550,60.785455,-161.839479,1000,NORMAL,002050
WNG676,Clearwater,MN,162.500,45.348472,-93.908778,1000,NORMAL,027003|027009|027019|027053|027059|027085|027093|027095|027141|027145|027171|127053|327053|427053|527053|627053|827053
WNG678,Pine City,MN,162.425,45.8411,-92.9825,1000,NORMAL,027001|027003|027025|027059|027065|027095|027115|055013|055095|827001
WNG679,Pinedale,WY,162.500,42.844444,-109.924167,300,NORMAL,056035
WNG680,Fergus Falls,MN,162.500,46.259111,-95.980944,1010,NORMAL,027005|027027|027051|027111|027167
WNG681,Dillingham,AK,162.500,59.0422,-158.455,5,NORMAL,002070
WNG682,Livingston,MT,162.525,45.6739,-110.5675,100,NORMAL,030067|030097
WNG683,Marenisco,MI,162.550,46.3775,-89.7075,300,NORMAL,026053|026131|055051|055125
WNG684,Manistique,MI,162.525,46.109722,-86.236667,300,NORMAL,026003|026153
WNG685,Norwood,MN,162.425,44.788889,-93.906889,326,NORMAL,027019|027053|027079|027085|027093|027103|027129|027139|027143|027171|127053|327053|427053|527053|627053|827053
WNG686,Elk Plaza,WY,162.425,44.9864,-110.7156,300,NORMAL,030067|056029|056039
WNG687,Monticello,UT,162.450,37.839722,-109.460556,300,NORMAL,008033|008083|008113|049037
WNG688,Ringsted,IA,162.475,43.3417,-94.460583,301,NORMAL,019063|019081|019091|019109|019147|019189|027043|027091
WNG689,Hebron,IN,162.450,41.3536,-87.1853,300,NORMAL,018073|018089|018091|018111|018127|018131|018149
WNG692,Carrizo Springs,TX,162.550,28.5331,-99.881389,500,NORMAL,048127|048323|048507
WNG694,Springdale,AR,162.400,36.179444,-94.086111,300,NORMAL,005007|005015|005087|005143|029009|029119
WNG695,Pecos,TX,162.450,31.200611,-103.353444,1030,NORMAL,048243|048301|048371|048389|048475|048495
WNG696,Three Rivers,TX,162.450,28.335,-98.171389,1000,NORMAL,048025|048297|048311
WNG697,Mt Hebo,OR,162.525,45.207889,-123.760111,110,NORMAL,041041|041057
WNG698,Grafton,OH,162.500,41.271472,-82.022611,300,NORMAL,039005|039035|039043|039093|039103
WNG700,Jackpot,NV,162.500,41.783611,-114.840278,100,NORMAL,032007
WNG701,Bad Axe,MI,162.525,43.794167,-83.001944,100,NORMAL,026001|026011|026063|026069|026151|026157
WNG702,Fulda,MN,162.425,43.877583,-95.6069,311,NORMAL,027101|027105
WNG703,Nogales,AZ,162.500,31.338194,-110.953111,104,NORMAL,004023
WNG704,Hibernia Park,PA,162.425,40.0239,-75.8128,790,NORMAL,010003|024015|042011|042029|042071|042075|042091
WNG705,Honesdale,PA,162.450,41.572222,-75.191111,300,NORMAL,036025|036071|042069|042079|042089|042103|042115|042127
WNG706,Garner,NC,162.450,35.6747,-78.5275,1000,NORMAL,037063|037069|037085|037101|037127|037183|037191|037195
WNG707,Kensington,MN,162.400,45.831778,-95.721111,314,NORMAL,027011|027041|027051|027121|027149|027155
WNG710,Pago Pago,AS,162.400,-14.330556,-170.714167,300,NORMAL,060010|060020|060050
WNG711,Olivia,MN,162.400,44.776111,-94.981944,300,NORMAL,027015|027023|027067|027127|027129|027173
WNG712,Coachella / Spanish,CA,162.525,33.654889,-115.990222,96,NORMAL,006025|006065
WNG713,Miami,TX,162.450,35.626389,-100.550278,1000,NORMAL,040009|040129|048179|048211|048295|048357|048393|048483
WNG714,Sand Point,AK,162.550,55.349444,-160.4731,300,NORMAL,002013
WNG716,Marmot Island,AK,162.500,58.235833,-151.820833,5,NORMAL,002150
WNG718,Sitkinak Dome,AK,162.450,56.559444,-154.182222,5,NORMAL,002150
WNG719,Forsyth,MT,162.525,46.3308,-106.7108,100,NORMAL,030017|030087|030103
WNG720,Ukiah,CA,162.525,39.326667,-123.270833,300,NORMAL,006033|006045
WNG722,Throckmorton,TX,162.425,33.158611,-99.175,1000,NORMAL,048009|048017|048023|048207|048275|048417|048447|048503
WNG723,Dubois,WY,162.450,43.499722,-109.6881,300,NORMAL,056013
WNG724,Hardin,MT,162.450,45.745,-107.533889,100,NORMAL,030003
WNG725,El Dorado,AR,162.525,33.128333,-92.469278,1050,NORMAL,005003|005011|005013|005027|005103|005139|022027
WNG727,Irvine,KY,162.475,37.7275,-83.944444,500,NORMAL,021065
WNG728,Hawk Point,MO,162.425,38.979444,-91.131111,1000,NORMAL,029007|029071|029073|029113|029139|029163|029183|029219
WNG730,Ottumwa,IA,162.500,41.024139,-92.482306,302,NORMAL,019051|019107|019123|019135|019179
WNG731,Owyhee,NV,162.450,41.950833,-116.098333,80,DEGRADED,032007
WNG732,La Follette,TN,162.450,36.1981,-84.2308,250,NORMAL,047001|047013|047025|047129|047145|047151|047173
WNG734,Marietta,OH,162.400,39.435194,-81.453528,308,NORMAL,039111|039121|039167|054073|054095|054107
WNG735,New Philadelphia,OH,162.425,40.435333,-81.507306,304,NORMAL,039019|039031|039059|039067|039075|039151|039157|039169
WNG736,Washington DC,MD,162.450,38.993013,-77.030766,300,NORMAL,011001|024003|024017|024027|024031|024033|051013|051059|051107
WNG737,Dillon,CO,162.400,39.616803,-106.110006,300,NORMAL,008117
WSM60,Dresden,ME,162.475,44.122778,-69.680556,300,NORMAL,023001|023011|023013|023015|023023|023027
WWF34,Plainwell,MI,162.475,42.421944,-85.528889,300,NORMAL,026005|026015|026021|026023|026025|026027|026077|026149|026159
WWF35,Bridgeport,OH,162.525,40.061333,-80.757944,1100,NORMAL,039013|039019|039029|039031|039059|039067|039081|039111|039115|039119|039121|039127|039157|039167|042059|054009|054029|054051|054069|054073|054095|054103
WWF36,Hesperia,MI,162.475,43.549722,-86.042778,300,NORMAL,026121|026123|026127
WWF37,Carlsbad,NM,162.475,32.437806,-104.277278,100,OUT OF SERVICE,035015|035025
WWF38,Inverness,FL,162.400,28.8436,-82.484611,300,NORMAL,012017|012053|012075|012083|012119
WWF39,Hawaii Kai,HI,162.450,21.320528,-157.682008,300,NORMAL,015003
WWF40,Coloma,WI,162.400,44.020278,-89.558056,1000,NORMAL,055001|055047|055057|055077|055097|055137|055141
WWF42,Ponca City,OK,162.450,36.689333,-97.168444,312,NORMAL,020035|020191|040047|040053|040071|040103|040113
WWF43,Stamford,NY,162.400,42.398611,-74.589722,300,NORMAL,036007|036017|036025|036039|036077|036095|036105
WWF44,Henagar,AL,162.500,34.613611,-85.680278,1000,NORMAL,001019|001049|001071|001095
WWF45,Roosevelt,MN,162.450,48.789083,-95.049889,300,NORMAL,027007|027077|027135
WWF46,Tooele (South Mountain),UT,162.450,40.4597,-112.41,100,NORMAL,049003|049011|049045|049057
WWF47,Tooele (Vernon Hills),UT,162.525,40.1272,-112.380833,120,NORMAL,049011|049045
WWF48,Mt. Greylock,MA,162.525,42.6367,-73.1667,125,NORMAL,025003|025011|025013|025015|036083|050003|050025
WWF49,Okanogan,WA,162.525,48.545556,-119.235556,50,NORMAL,053007|053017|053019|053025|053043|053047
WWF50,Plentywood,MT,162.475,48.693889,-104.595556,50,NORMAL,030091
WWF51,St. George,UT,162.475,37.155,-113.88,100,NORMAL,004015|032003|032017|049021|049053
WWF52,Grand Canyon,AZ,162.475,36.07168,-112.154731,100,NORMAL,004005
WWF53,Winfield,AL,162.525,33.937139,-87.875111,850,NORMAL,001057|001075|001093|001107|001127|001133|028057|028087|028095
WWF54,Auburn,AL,162.525,32.622078,-85.501314,1000,NORMAL,001011|001017|001051|001081|001087|001113|001123
WWF55,Jackson,AL,162.500,31.594722,-87.845278,1000,NORMAL,001003|001023|001025|001099|001129
WWF56,Richland,WA,162.450,46.397387,-119.599561,300,NORMAL,053001|053005|053021|053025|053039|053071|053077
WWF58,McCall,ID,162.475,45.008139,-116.134417,100,NORMAL,016003|016085
WWF59,Hawthorne,NV,162.475,38.457222,-118.763611,100,NORMAL,006051|032019|032021
WWF60,Buck Mountain,NC,162.500,35.406389,-79.998889,1000,NORMAL,037007|037025|037057|037123|037125|037151|037153|037159|037167|037179
WWF62,Santa Barbara Marine,CA,162.475,34.525056,-119.958972,80,NORMAL,006083|006111
WWF64,Monterey Marine,CA,162.450,37.155,-121.8983,100,NORMAL,006001|006013|006053|006055|006069|006075|006081|006085|006087
WWF66,Cullman,AL,162.450,34.171389,-86.844167,300,NORMAL,001043
WWF67,Grass Valley,CA,162.400,39.133056,-121.099167,100,NORMAL,006007|006011|006021|006057|006061|006113|006115
WWF69,Fort Pierce,FL,162.425,27.4489,-80.4089,875,NORMAL,012061|012085|012093|012111
WWF70,Gaylord,MI,162.500,44.90741,-84.71906,100,NORMAL,026039|026137
WWF75,Bourbon,MO,162.525,38.168944,-91.218806,1050,NORMAL,029055|029071|029073|029161|029221
WWF76,Summersville,MO,162.475,37.180694,-91.665833,971,NORMAL,029065|029067|029091|029149|029203|029215
WWF77,Bethune,CO,162.525,39.272222,-102.398333,100,NORMAL,008017|008063|008125
WWF80,Bend/Redmond,OR,162.500,44.197528,-120.977861,100,NORMAL,041013|041017|041031
WWF81,Eureka,NV,162.550,39.449722,-115.9989,100,NORMAL,032011|032023|032033
WWF82A,East Madison County,KY,162.525,37.7744,-84.324611,100,NORMAL,021151
WWF82B,West Madison County,KY,162.525,37.777222,-84.436111,100,NORMAL,021151
WWF82C,Madison County,KY,162.525,37.6181,-84.2619,100,NORMAL,021151
WWF82D,Moberly,KY,162.525,37.7436,-84.1825,110,NORMAL,021151
WWF83,Grand Forks,ND,162.475,47.921861,-97.097694,338,NORMAL,027119|038035
WWF84,Lawrenceburg,TN,162.425,35.459186,-87.130111,1000,NORMAL,047055|047099|047101|047103|047117|047119|047181|047187
WWF85,Ocala,FL,162.525,29.178065,-82.15912,250,NORMAL,012083
WWF86,East Point,FL,162.500,29.7325,-84.89,250,NORMAL,012037|012045|012077|012129
WWF87,Lenora,KS,162.425,39.573333,-99.986111,323,NORMAL,020065|020137|020147
WWF88,Salem,FL,162.425,29.912944,-83.444167,1000,NORMAL,012029|012067|012079|012121|012123
WWF90,Kerrville,TX,162.450,30.009861,-99.262778,1000,NORMAL,048019|048171|048259|048265
WWF91,Llano,TX,162.425,30.599111,-98.624389,1000,NORMAL,048031|048053|048171|048299|048319
WWF92,Scobey,MT,162.450,48.801389,-105.346667,25,NORMAL,030019|430019|630019
WWF93,Glendive,MT,162.475,47.052222,-104.6725,80,NORMAL,030021|030083|030109|430021|630021|830083
WWF94,Neahkahnie,OR,162.425,45.743889,-123.940778,100,NORMAL,041007|041057
WWF95,Tillamook,OR,162.475,45.466139,-123.920917,100,NORMAL,041057
WWF96,Russellville,AR,162.525,35.218306,-93.256056,311,NORMAL,005029|005071|005083|005105|005115|005149
WWF97,Mt. Ashland,OR,162.475,42.081111,-122.716111,100,NORMAL,006093|041029|041033|041035
WWF98,Prescott,AZ,162.525,34.70121,-112.11801,100,NORMAL,004005|004007|004025
WWF99,Window Rock,AZ,162.550,35.761034,-109.167805,100,NORMAL,004001|035006|035031|035045
WWG20,Fernley,NV,162.450,39.754167,-119.462222,150,NORMAL,006035|006063|006091|032001|032019|032027|032031
WWG21,Santa Ana,CA,162.450,33.817639,-117.635861,100,NORMAL,006059|006065|006071
WWG22,Tribune,KS,162.550,38.456333,-101.642583,307,NORMAL,020071|020075|020093|020171|020203
WWG23,La Junta,CO,162.500,37.908728,-103.437073,100,NORMAL,008011|008025|008061|008071|008089
WWG24,Puget Sound Marine,WA,162.425,48.016028,-122.927194,90,NORMAL,053009|053029|053031|053035|053055|053057|053061
WWG25,Webster,ND,162.425,48.194139,-98.903917,300,NORMAL,038005|038019|038063|038071|038095
WWG26,Jackson,KY,162.425,37.5911,-83.3136,300,NORMAL,021025
WWG27,South Point,HI,162.550,19.002584,-155.674811,300,NORMAL,015001
WWG28,Paintsville,KY,162.525,37.844594,-82.668017,100,NORMAL,021071|021115|021153|021159|021195|054099
WWG32,Cattaraugus,NY,162.425,42.256667,-78.695,125,NORMAL,036009|036013
WWG33,Margarettsville,NC,162.450,36.513686,-77.332105,300,NORMAL,037015|037073|037083|037091|037131|051025|051081|051117|051175|051183|051595|051620
WWG34,Brownsville,TX,162.550,25.910278,-97.5305,317,NORMAL,048061|048215|048489
WWG36,Roswell,NM,162.450,33.363056,-104.636389,100,OUT OF SERVICE,035005
WWG39,Soldotna,AK,162.475,60.48942,-151.0713,300,NORMAL,002122
WWG40,Bay City,TX,162.425,28.980278,-95.999722,1000,NORMAL,048039|048157|048321|048481
WWG41,Payson Gila County N.,AZ,162.425,33.905088,-111.408429,150,NORMAL,004005|004007|004013|004021|004025
WWG42,Globe,AZ,162.500,33.293056,-110.835833,70,NORMAL,004007
WWG43,Glenwood Springs,CO,162.500,39.425556,-107.379167,100,NORMAL,008037|008045|008097
WWG44,Fowler,CO,162.425,38.180278,-104.021944,100,NORMAL,008025|008089|008101
WWG46,Woodward,OK,162.500,36.389139,-99.343639,1030,NORMAL,040007|040043|040045|040059|040093|040151|040153|048295
WWG47,Wardell,MO,162.525,36.364222,-89.864083,1080,NORMAL,005021|005093|029069|029143|029155|047095
WWG48,Doniphan,MO,162.450,36.658333,-90.793333,300,NORMAL,029023|029035|029181|029223
WWG49,Fredericktown,MO,162.500,37.453806,-90.376083,1270,NORMAL,029017|029093|029123|029157|029179|029186|029187|029223
WWG50,St. Johnsbury,VT,162.425,44.571111,-71.894167,300,NORMAL,033007|033009|050005|050009|050017|050019
WWG51,Warren,PA,162.450,41.745365,-79.264713,1000,NORMAL,042047|042053|042083|042123
WWG52,Huntingdon,PA,162.525,40.293735,-77.966444,1000,NORMAL,042009|042013|042055|042057|042061|042067|042087
WWG53,Parker,PA,162.425,41.139861,-79.754028,1000,NORMAL,042005|042007|042019|042031|042039|042053|042063|042065|042073|042085|042121
WWG54,Yellville,AR,162.500,36.202639,-92.558111,850,NORMAL,005005|005089
WWG55,La Grange,TX,162.500,29.951306,-96.774389,800,NORMAL,048015|048021|048089|048149|048287|048477
WWG56,Youngstown,OH,162.500,41.058889,-80.646111,300,NORMAL,039019|039029|039099|039133|039151|039155|042073|042085
WWG57,Mansfield,OH,162.450,40.582861,-82.473611,300,NORMAL,039005|039033|039075|039083|039089|039101|039117|039139|039169|039175
WWG59,Venice,FL,162.400,27.133056,-82.394444,1000,NORMAL,012015|012027|012049|012081|012115
WWG60,Tea Table Key,FL,162.450,24.8957,-80.6638,300,NORMAL,012087
WWG61,Stanton,KY,162.550,37.909089,-83.925739,300,NORMAL,021013|021197
WWG62,Pineville,KY,162.525,36.730278,-83.773611,300,NORMAL,021013
WWG63,Frenchburg,KY,162.475,37.935504,-83.613547,300,NORMAL,021165
WWG64,McKee,KY,162.450,37.415194,-84.008669,300,NORMAL,021109
WWG65,London,KY,162.475,37.146656,-84.106809,300,NORMAL,021125
WWG66,Manchester,KY,162.400,37.147486,-83.69179,300,NORMAL,021051
WWG67,Beattyville,KY,162.500,37.625702,-83.77203,300,NORMAL,021129
WWG68,Harlan,KY,162.450,36.787834,-83.290954,300,NORMAL,021095
WWG69,Pikeville,KY,162.400,37.285045,-82.524559,300,NORMAL,021071|021115|021153|021159|021195|051027|051051|051195
WWG70,Mount Vernon,KY,162.425,37.339906,-84.383093,300,NORMAL,021203
WWG71,Morehead,KY,162.400,38.177309,-83.404723,300,NORMAL,021011|021063|021069|021205
WWG72,Georgia,IN,162.500,38.734722,-86.578611,1000,NORMAL,018013|018027|018037|018055|018093|018101|018105|018117
WWG73,Seymour,IN,162.525,38.958889,-85.878611,1000,NORMAL,018005|018031|018071|018079|018081|018137|018143|018145
WWG74,Kauai,HI,162.400,22.1197,-159.6672,1000,NORMAL,015007
WWG75,Maui,HI,162.400,20.707361,-156.258611,300,NORMAL,015001|015003|015009
WWG76,Kulani Cone,HI,162.550,19.554529,-155.308812,1000,NORMAL,015001
WWG77,Sumter,SC,162.425,33.881111,-80.270556,300,NORMAL,045027|045061|045085
WWG78,Williamsburg,KY,162.500,36.671143,-84.221466,300,NORMAL,021235
WWG79,West Liberty,KY,162.450,37.941944,-83.220278,300,NORMAL,021063|021175
WWG80,Monticello,KY,162.425,36.844729,-84.773417,300,NORMAL,021231
WWG81,Phelps,KY,162.500,37.500959,-82.227513,300,NORMAL,021195|054059
WWG82,Robbinsville,NC,162.525,35.257853,-83.795475,300,NORMAL,037039|037043|037075|037099|037113|037173
WWG83,Edwardsport,IN,162.425,38.8417,-87.267222,1000,NORMAL,018027|018037|018051|018055|018083|018125|018153
WWG84,Belgian Hill,MT,162.500,48.33,-112.035556,100,NORMAL,030015|030035|030051|030073|030099|030101
WWG85,Malta,MT,162.475,48.3494,-107.834722,75,NORMAL,030071
WWG86,Prairie Du Chien,WI,162.500,42.902385,-90.946542,1000,NORMAL,019005|019043|019065|055023|055043
WWG87,Fond Du Lac,WI,162.500,43.815833,-88.320278,1000,NORMAL,055015|055027|055039|055047|055071|055117|055131|055137|055139
WWG88,Crandon,WI,162.450,45.572222,-88.883889,750,NORMAL,055037|055041|055067|055075|055083|055085|055125
WWG89,Richland Center,WI,162.475,43.498889,-90.541111,200,NORMAL,055103|055123
WWG90,Janesville,WI,162.425,42.773889,-89.005556,300,NORMAL,017007|017177|017201|055025|055045|055105|055127
WWG91,Sheboygan,WI,162.525,43.765556,-87.766389,200,NORMAL,055039|055071|055089|055117|055131
WWG92,Naples,FL,162.525,26.183111,-81.574722,1110,NORMAL,012021|012043|012051|012071|012087
WWG93,Junction,TX,162.475,30.478056,-99.752778,1000,NORMAL,048267|048319|048327|048435
WWG94,Richland Springs,TX,162.525,31.2525,-99.002778,1000,NORMAL,048049|048083|048307|048319|048333|048411
WWG97,Altus,OK,162.425,34.511028,-99.333139,316,NORMAL,040055|040057|040065|040075|040141|048197|048487
WWG98,Park Rapids,MN,162.475,46.984722,-95.106167,1000,NORMAL,027005|027057|027159
WWG99,Bonners Ferry,ID,162.500,48.610278,-116.256667,100,NORMAL,016017|016021|016055|030053|030089|053063
WWH20,Westville,FL,162.450,30.8275,-85.926944,1000,NORMAL,001031|001061|001069|012059|012063|012131|012133
WWH22,Beaumont,KS,162.500,37.58628,-96.54489,314,NORMAL,020015|020017|020019|020035|020049|020073
WWH23,Buchanan,GA,162.425,33.784,-85.161444,1030,NORMAL,013015|013045|013067|013097|013115|013143|013223|013233
WWH24,Toccoa,GA,162.425,34.529444,-83.376111,100,NORMAL,013011|013119|013137|013139|013147|013241|013257|013311|045073
WWH25,Metter,GA,162.425,32.394791,-82.042997,1000,NORMAL,013031|013043|013109|013165|013209|013251|013267|013279|013283
WWH26,Mamie,NC,162.425,36.1358,-75.8242,300,NORMAL,037029|037053|037055|037139
WWH27,Plymouth,WA,162.425,45.980333,-119.295861,100,NORMAL,041049|041059
WWH28,Heppner,OR,162.425,45.350333,-119.509722,100,NORMAL,041049
WWH30,Dyersburg,TN,162.500,36.057611,-89.440944,1230,NORMAL,005093|029155|047033|047045|047053|047075|047095|047097|047131|047183
WWH31,Valdosta,GA,162.500,30.970278,-83.286667,1000,NORMAL,012047|012079|013019|013027|013071|013075|013101|013173|013185
WWH32,Boyero,CO,162.450,39.095514,-103.236994,100,NORMAL,008039|008073
WWH33,Cornwall,CT,162.500,41.821111,-73.296667,500,NORMAL,009001|009003|009005|009009|025003|025013|036027|036079
WWH34,Walton,NY,162.425,42.1112,-75.1014,300,NORMAL,036007|036017|036025|036077|036095|036105
WWH35,Cooperstown,NY,162.450,42.678889,-74.899722,100,NORMAL,036017|036025|036043|036053|036057|036065|036077|036095
WWH36,Mitchell,SD,162.450,43.697917,-98.044222,1010,NORMAL,046003|046035|046043|046061|046067|046087|046097|046111
WWH37,Clarksville,TN,162.500,36.516389,-87.336944,300,NORMAL,021047|021219|047043|047125|047147|047161
WWH38,Grove,OK,162.525,36.455,-94.779167,300,NORMAL,005007|029119|029145|040035|040041|040097|040115
WWH39,Brunswick,GA,162.425,31.194167,-81.491667,300,NORMAL,013025|013039|013127|013191
WWQ50,Dalhart,TX,162.425,36.274622,-102.854634,1000,NORMAL,035059|040025|048111|048205
WWQ51,Stratford,TX,162.525,36.336111,-102.071667,1000,NORMAL,040025|040139|048111|048195|048205|048341|048421
WXJ20,Columbia,SC,162.400,34.118611,-80.936667,1000,NORMAL,045017|045039|045055|045061|045063|045071|045075|045079|045081|045085
WXJ21,Greenville,SC,162.550,34.940556,-82.410556,1000,NORMAL,037149|037161|045001|045007|045021|045045|045047|045059|045071|045073|045077|045083|045087
WXJ22,Florence,SC,162.550,34.280109,-79.742858,1000,NORMAL,045025|045027|045031|045033|045041|045055|045061|045067|045069|045085|045089
WXJ23,Beaufort,SC,162.450,32.712222,-80.680278,500,NORMAL,013051|013103|045005|045009|045013|045029|045049|045053
WXJ24,Homer,AK,162.400,59.68081,-151.61774,800,NORMAL,002122
WXJ25,Juneau,AK,162.550,58.301746,-134.42035,300,NORMAL,002105|002110
WXJ26,Ketchikan,AK,162.550,55.460822,-131.810428,500,NORMAL,002130
WXJ28,Jesup,GA,162.450,31.674167,-81.886667,300,NORMAL,013001|013005|013025|013179|013183|013191|013229|013267|013305
WXJ30,Americus,GA,162.425,32.0625,-84.2125,1000,NORMAL,013081|013093|013177|013193|013197|013243|013249|013259|013261|013269|013273|013307
WXJ31,Thomaston,GA,162.500,32.986278,-84.365667,1040,NORMAL,013021|013035|013063|013077|013079|013113|013145|013151|013171|013199|013207|013225|013231|013255|013263|013269|013285|013293
WXJ33,Santa Fe,NM,162.550,35.785556,-105.781944,100,NORMAL,035028|035039|035043|035047|035049|035055|035057
WXJ34,Albuquerque,NM,162.400,35.065556,-106.787778,100,NORMAL,035001|035043|035061
WXJ35,Portales,NM,162.475,34.252222,-103.239444,100,NORMAL,035009|035041
WXJ36,Hobbs,NM,162.400,32.704306,-103.566667,80,NORMAL,035015|035025
WXJ37,Farmington,NM,162.475,36.695833,-108.220556,300,NORMAL,008067|035045
WXJ38,Ruidoso,NM,162.550,33.403889,-105.782222,300,NORMAL,035005|035027|035035|035057
WXJ39,Providence,RI,162.400,41.805,-71.4733,500,NORMAL,025005|044001|044003|044005|044007|044009
WXJ40,Concord,NH,162.400,43.219444,-71.440278,300,NORMAL,033001|033003|033011|033013|033015|033017|033019
WXJ41,Hartford,CT,162.475,41.958611,-72.413611,300,NORMAL,009003|009005|009007|009009|009011|009013|009015|025011|025013|025015|025027
WXJ42,Meriden,CT,162.400,41.563056,-72.845,500,NORMAL,009001|009003|009005|009007|009009|009011|009013|009015|036059|036103
WXJ43,Great Falls,MT,162.550,47.606401,-111.318561,300,NORMAL,030013|030015|030045|030099
WXJ45,Deer Trail,CO,162.500,39.594594,-103.990045,100,NORMAL,008001|008005|008013|008014|008019|008031|008035|008047|008059|008069|008093|008123|408005|508005|608005
WXJ46,Dayton,OH,162.475,39.658333,-84.316667,1000,NORMAL,018041|018161|018177|039017|039021|039023|039027|039037|039057|039091|039109|039113|039135|039149|039165
WXJ47,High Hill,OH,162.475,39.836667,-81.770556,1000,NORMAL,039013|039019|039031|039059|039067|039081|039089|039111|039115|039119|039121|039127|039157|039167|054073|054095
WXJ48,Gurdon,AR,162.475,33.907389,-93.113056,1000,NORMAL,005013|005019|005027|005039|005057|005059|005099|005103|005109|005139
WXJ49,Texarkana,TX,162.550,33.448,-94.066833,500,NORMAL,005027|005057|005061|005073|005081|005091|005099|005109|005133|040089|048037|048067
WXJ50,Fort Smith,AR,162.550,35.294417,-94.305278,750,NORMAL,005033|005047|005083|005127|005131|040001|040079|040135
WXJ51,Jonesboro,AR,162.550,35.9039,-90.7706,900,NORMAL,005021|005031|005035|005037|005055|005067|005075|005093|005111|005121|005147|029069|029155
WXJ52,Fayetteville,AR,162.475,35.814333,-94.028194,1000,NORMAL,005007|005015|005033|005047|005087|005131|005143|040001|040041
WXJ53,Cleveland,GA,162.525,34.509472,-83.806639,299,NORMAL,013011|013013|013057|013059|013085|013117|013119|013135|013137|013139|013147|013157|013187|013195|013219|013227|013257|013297|013311
WXJ54,Star City,AR,162.400,33.954306,-91.878972,900,NORMAL,005001|005011|005025|005039|005041|005043|005069|005079
WXJ55,Little Rock,AR,162.550,34.799722,-92.499444,1000,NORMAL,005001|005023|005029|005045|005051|005053|005059|005069|005085|005105|005115|005117|005119|005125|005141|005145|005149
WXJ57,South Bend,IN,162.400,41.616111,-86.192222,1000,NORMAL,018039|018085|018091|018099|018141|018149|026021|026027|026149
WXJ58,Fort Wayne,IN,162.550,41.103611,-85.191111,1000,NORMAL,018001|018003|018009|018033|018053|018069|018075|018085|018113|018169|018179|018183|039039|039125
WXJ60,Gainesville,FL,162.475,29.7094,-82.3903,1000,NORMAL,012001|012003|012007|012019|012023|012029|012041|012067|012075|012083|012107|012121|012125
WXJ61,Avilla,MO,162.425,37.164222,-94.0053,1000,NORMAL,020021|020037|029009|029011|029039|029057|029097|029109|029119|029145|029209
WXJ62,Nome,AK,162.550,64.486667,-165.3025,1000,NORMAL,002180
WXJ63,Valdez,AK,162.550,61.130437,-146.352503,300,NORMAL,002063
WXJ64,Leader,MN,162.550,46.551944,-94.520833,1000,NORMAL,027021|027035|027097|027111|027153|027159|227021|827021
WXJ65,Broken Bow,OK,162.450,34.245944,-94.783139,1030,NORMAL,005061|005081|005133|040023|040079|040089|040127|048387
WXJ68,Maricao,PR,162.550,18.1481,-66.9831,1000,NORMAL,072003|072005|072011|072023|072027|072055|072065|072067|072071|072081|072083|072093|072097|072099|072115|072117|072121|072125|072131|072153
WXJ69,San Juan,PR,162.400,18.265,-66.085,1000,NORMAL,072007|072009|072015|072017|072019|072021|072025|072029|072031|072033|072035|072041|072045|072047|072051|072057|072061|072063|072069|072077|072085|072087|072089|072091|072095|072101|072103|072105|072107|072109|072119|072127|072129|072135|072137|072139|072143|072145|072151
WXJ70,Melbourne,FL,162.550,28.2283,-80.7567,1000,NORMAL,012009|012061|012095|012097
WXJ71,Peoria,IL,162.475,40.628889,-89.57,1000,NORMAL,017057|017095|017113|017123|017125|017143|017175|017179|017203
WXJ72,Summerville,GA,162.450,34.469028,-85.297306,302,OUT OF SERVICE,001019|013055|013115|013129|013233|013295
WXJ73,Quad Cities,IL,162.550,41.51,-90.574444,1000,NORMAL,017073|017131|017161|017195|019031|019045|019115|019139|019163
WXJ75,Springfield,IL,162.400,39.7833,-89.4461,1000,NORMAL,017017|017021|017039|017107|017115|017117|017125|017129|017135|017137|017167
WXJ76,Champaign,IL,162.550,40.1058,-88.449667,1000,NORMAL,017019|017029|017039|017041|017045|017053|017139|017147|017183
WXJ78,Kodiak,AK,162.550,57.7344,-152.5014,1000,NORMAL,002150
WXJ79,Cordova,AK,162.400,60.549944,-145.749552,1000,NORMAL,002063
WXJ80,Sitka,AK,162.550,57.0472,-135.3669,500,NORMAL,002220
WXJ81,Fairbanks,AK,162.550,64.8789,-148.0558,700,NORMAL,002090|002240|002290
WXJ83,Wrangell,AK,162.400,56.472495,-132.386953,1000,NORMAL,002275
WXJ84,Charleston,WV,162.400,38.356833,-81.605333,1000,NORMAL,054005|054011|054015|054019|054035|054039|054043|054053|054067|054079|054081|054087
WXJ85,Clarksburg,WV,162.550,39.300003,-80.291309,1000,NORMAL,054001|054017|054033|054041|054049|054083|054085|054091|054095|054097|054103
WXJ86,LaCrescent,MN,162.550,43.804722,-91.368333,1000,NORMAL,019005|027055|027169|055011|055023|055053|055063|055081|055121|055123
WXJ87,Madison,WI,162.550,43.055833,-89.535,1000,NORMAL,055021|055025|055027|055045|055049|055055|055065|055105|055111
WXJ88,Menomonie,WI,162.400,45.046944,-91.863333,1000,NORMAL,055005|055011|055017|055033|055035|055091|055093|055095|055107|055109|055121
WXJ89,Wausau,WI,162.475,44.9206,-89.6919,1000,NORMAL,055019|055067|055069|055073|055078|055085|055097|055115|055119|055135|055141
WXJ91,Madisonville,KY,162.525,37.190278,-87.513056,1000,NORMAL,021033|021047|021055|021059|021101|021107|021143|021149|021177|021219|021221|021225|021233
WXJ92,Macomb,IL,162.500,40.427778,-90.682778,1000,NORMAL,017001|017009|017017|017057|017067|017071|017095|017109|017125|017169|017187
WXJ93,Lima,OH,162.400,40.634167,-84.208056,1000,NORMAL,039003|039011|039039|039063|039065|039091|039107|039125|039137|039149|039161|039175
WXJ94,Lewes,DE,162.550,38.6269,-75.2317,500,NORMAL,010001|010005|024011|024045|024047|034009
WXJ95,Key West,FL,162.400,24.6598,-81.5383,300,NORMAL,012087
WXJ96,Monroe,LA,162.550,32.527694,-92.102222,800,NORMAL,022021|022041|022049|022061|022067|022073|022083|022111|022123|022127
WXJ97,Shreveport,LA,162.400,32.575722,-93.86811,1120,NORMAL,022013|022015|022017|022027|022031|022081|022119|048067|048203|048315|048365
WXJ98,Del Rio,TX,162.400,29.4681,-101.01145,1000,NORMAL,048271|048323|048465
WXK20,Paris,TX,162.550,33.6164,-95.547111,1000,NORMAL,040013|040023|048119|048147|048159|048223|048231|048277|048387|048449
WXK22,Sherman,TX,162.475,33.702833,-96.56825,1030,NORMAL,040013|040019|040069|040085|040095|048085|048097|048121|048147|048181
WXK23,Lufkin,TX,162.550,31.296111,-94.714167,1000,NORMAL,048005|048073|048225|048241|048347|048373|048405|048455|048457
WXK24,Odell,IL,162.450,40.9925,-88.598056,1000,NORMAL,017053|017063|017075|017091|017099|017105|017113|017123|017197|017203
WXK25,El Paso,TX,162.475,31.796111,-106.483056,300,NORMAL,035013|035035|048141|048229
WXK26,Laredo,TX,162.475,27.5203,-99.5222,500,NORMAL,048479|048505
WXK27,Austin,TX,162.400,30.3219,-97.8033,1010,NORMAL,048021|048031|048053|048055|048209|048287|048453|048491
WXK28,Beaumont,TX,162.475,30.13327,-94.11866,1000,NORMAL,048071|048199|048241|048245|048351|048361|048457
WXK29,Abilene,TX,162.400,32.275556,-99.590278,1000,NORMAL,048059|048083|048151|048207|048253|048353|048399|048417|048441
WXK30,Bryan,TX,162.550,30.6431,-96.3314,1000,NORMAL,048015|048041|048051|048185|048289|048313|048331|048395|048471|048473|048477
WXK31,Wichita Falls,TX,162.475,33.881972,-98.601611,1000,NORMAL,040033|040141|048009|048023|048077|048485|048487
WXK32,Midland/Odessa,TX,162.400,31.845186,-102.469992,700,NORMAL,048003|048103|048135|048317|048329|048461|048475|048495
WXK33,San Angelo,TX,162.550,31.623278,-100.437722,1000,NORMAL,048081|048095|048235|048399|048413|048431|048451
WXK34,Victoria,TX,162.400,28.8356,-97.116667,1000,NORMAL,048057|048123|048175|048239|048285|048469
WXK35,Waco,TX,162.475,31.314833,-97.326972,1040,NORMAL,048027|048035|048099|048145|048217|048293|048309|048331|048395
WXK36,Tyler,TX,162.475,32.4856,-95.4831,1000,NORMAL,048001|048073|048183|048213|048401|048423|048459|048467|048499
WXK37,Big Spring,TX,162.475,32.2818,-101.493099,950,NORMAL,048033|048115|048173|048227|048317|048329|048335|048415
WXK38,Amarillo,TX,162.550,35.374889,-101.882611,950,NORMAL,048011|048065|048205|048233|048341|048359|048375|048381
WXK40,Mankato,MN,162.400,44.087722,-93.701778,1000,NORMAL,027013|027015|027039|027043|027047|027079|027091|027099|027103|027131|027147|027161|027165
WXK41,Rochester,MN,162.475,44.0625,-92.351944,1000,NORMAL,027039|027045|027049|027055|027099|027109|027157|027169|055011
WXK42,Fargo,ND,162.475,47.012417,-97.195056,1020,NORMAL,027027|027107|027167|038003|038017|038073|038077|038081|038091|038097
WXK43,Thief River Falls,MN,162.550,48.119924,-96.205269,1000,NORMAL,027007|027029|027069|027089|027113|027119|027125|027135
WXK44,Willmar,MN,162.475,45.3428,-95.007917,600,NORMAL,027009|027023|027067|027073|027085|027093|027121|027129|027145|027149|027151|027171|027173
WXK45,International Falls,MN,162.550,48.389722,-93.55,1000,NORMAL,027071
WXK46,Knoxville,TN,162.475,35.9991,-83.9497,1000,NORMAL,047001|047009|047013|047025|047029|047057|047063|047089|047093|047105|047123|047129|047145|047151|047155|047173
WXK47,Bristol,TN,162.550,36.4429,-82.1203,500,NORMAL,037009|037011|037115|037121|037189|037199|047019|047029|047059|047067|047073|047091|047163|047171|047179|051105|051167|051169|051173|051191|051195|051520|051720
WXK48,Chattanooga,TN,162.550,35.2072,-85.2864,1000,NORMAL,013047|013055|013083|013129|013213|013295|013313|047007|047011|047065|047107|047115|047121|047123|047139|047143|047153
WXK49,Memphis,TN,162.475,35.181278,-89.832306,1125,NORMAL,005035|005037|005077|005093|005123|028009|028033|028093|028137|028143|047047|047069|047075|047097|047157|047167
WXK52,Chatsworth,GA,162.400,34.751667,-84.715,200,NORMAL,013015|013047|013057|013111|013123|013129|013213|013227|013295|013313
WXK53,Pelham,GA,162.550,31.1358,-84.1044,1000,NORMAL,013007|013027|013037|013071|013075|013087|013095|013099|013131|013177|013185|013201|013205|013253|013273|013275|013277|013321
WXK54,Augusta,GA,162.550,33.2592,-82.285833,1000,OUT OF SERVICE,013033|013073|013107|013125|013141|013163|013165|013167|013181|013189|013245|013251|013265|013301|013303|013317|045003|045005|045011|045037|045065
WXK56,Athens,GA,162.400,34.0836,-83.322111,500,NORMAL,013011|013013|013059|013105|013119|013133|013139|013147|013157|013195|013211|013219|013221|013297|013317
WXK57,Baker,MT,162.550,46.239167,-104.335,300,NORMAL,030011|030017|030025|030109|038011|038087|046063
WXK58,Reno,NV,162.550,39.3131,-119.8836,300,NORMAL,006003|006017|006057|006061|032005|032019|032029|032031|032510
WXK60,Jackson,TN,162.550,35.529694,-88.777083,850,NORMAL,047017|047023|047033|047045|047053|047069|047071|047075|047077|047109|047113|047183
WXK61,Cookeville,TN,162.400,36.171333,-85.231278,1000,NORMAL,047027|047035|047041|047049|047087|047133|047137|047141|047159|047169|047175|047185
WXK62,Waverly,TN,162.400,36.110556,-87.667222,1000,NORMAL,047005|047043|047081|047083|047085|047101|047135|047161
WXK63,Shelbyville,TN,162.475,35.7025,-86.195833,1000,OUT OF SERVICE,047003|047015|047031|047051|047061|047117|047127|047149|047177|047187|047189
WXK64,Hot Springs,SD,162.425,43.455278,-103.445556,300,NORMAL,031045|031161|031165|046033|046047
WXK65,Richmond,VA,162.475,37.503056,-77.541667,1000,NORMAL,051007|051033|051036|051041|051049|051053|051065|051075|051085|051087|051097|051101|051109|051127|051135|051145|051147|051149|051177|051183|051570|051630|051670|051730|051760
WXK66,Helena,MT,162.400,46.826389,-111.709167,1000,NORMAL,030007|030043|030049|030059
WXK67,San Antonio,TX,162.550,29.685389,-98.449611,1000,NORMAL,048013|048019|048029|048091|048187|048259|048325|048493
WXK68,Boise,ID,162.550,43.754611,-116.095,297,NORMAL,016001|016015|016027|016039|016045|016073
WXK69,Yakutat,AK,162.400,59.510673,-139.671921,500,NORMAL,002282
WXK71,Macon,GA,162.475,32.805278,-83.538889,1000,NORMAL,013021|013023|013079|013153|013169|013193|013207|013225|013289|013319
WXK72,Putnamville,IN,162.400,39.568333,-86.886944,1000,NORMAL,018021|018045|018063|018107|018109|018119|018121|018133|018165|018167
WXK73,Houghton,MI,162.400,47.035556,-88.695278,1000,NORMAL,026013|026053|026061|026083|026131
WXK74,Monticello/Lafayette,IN,162.475,40.668889,-86.695556,1000,NORMAL,018007|018015|018017|018023|018049|018067|018073|018103|018111|018131|018157|018171|018181
WXK75,Waycross,GA,162.475,31.221389,-82.573333,500,NORMAL,013001|013003|013005|013019|013025|013039|013049|013065|013069|013101|013127|013155|013161|013173|013185|013229|013299|013305
WXK76,Flagstaff,AZ,162.400,35.2414,-111.5975,100,NORMAL,004005|004017|004025
WXK78,Alexandria,LA,162.475,31.63906,-92.20532,1000,NORMAL,022009|022025|022029|022043|022059|022079|022127
WXK79,Lubbock,TX,162.400,33.7372,-101.7492,1000,NORMAL,048079|048107|048153|048169|048189|048219|048279|048303|048305|048445
WXK80,Lafayette,LA,162.550,30.04863,-91.99683,1000,NORMAL,022001|022039|022045|022055|022097|022099|022101|022113
WXK81,Onondaga,MI,162.400,42.4428,-84.572429,1000,NORMAL,026023|026025|026037|026045|026059|026065|026075|026093|026155
WXK82,Hannibal,MO,162.475,39.729944,-91.4055,1000,NORMAL,017001|017009|017149|029111|029127|029137|029163|029173|029205
WXK83,Fort Myers,FL,162.475,26.62966,-81.8103,1000,NORMAL,012015|012021|012027|012043|012051|012071
WXK83A,Sebring,FL,162.500,27.561928,-81.49364,1000,NORMAL,012049|012055|012105
WXK84,Fort Dodge,IA,162.400,42.456778,-94.221889,260,NORMAL,019015|019025|019079|019091|019151|019187|019197
WXK85,Oklahoma City,OK,162.400,35.5681,-97.489111,1080,NORMAL,040017|040027|040051|040073|040081|040083|040087|040109|040119|040125
WXK86,Lawton,OK,162.550,34.591902,-98.548877,1000,NORMAL,040015|040031|040033|040051|040075|040137|040141
WXK87,Clinton,OK,162.525,35.582833,-98.989389,1000,NORMAL,040009|040011|040015|040039|040043|040075|040129|040149
WXK88,Payette,ID,162.400,43.948139,-116.928722,100,NORMAL,016027|016045|016073|016075|016087|041045
WXK89,Unalaska,AK,162.550,53.8891,-166.533852,300,NORMAL,002016
WXK90,Cheraw,SC,162.450,34.646197,-79.945287,300,NORMAL,037007|037153|037165|045025|045031|045061|045069
WXK91,Topeka,KS,162.475,39.006028,-96.049389,1000,NORMAL,020005|020045|020061|020085|020087|020127|020139|020149|020161|020177|020197
WXK92,Ellsworth,KS,162.400,38.8136,-98.1694,1000,NORMAL,020009|020053|020105|020113|020159|020167|020169
WXK93,Dodge City,KS,162.475,37.641222,-100.344722,1000,NORMAL,020025|020055|020057|020069|020081|020083|020119|020175
WXK94,Concordia,KS,162.550,39.4389,-97.7053,1000,NORMAL,020027|020029|020089|020123|020143|020157|020201
WXK95,Chanute,KS,162.400,37.573167,-95.220167,1000,NORMAL,020001|020011|020021|020037|020099|020125|020133|020205|020207
WXK96,Gem,KS,162.400,39.4808,-100.91,700,NORMAL,020023|020039|020063|020109|020153|020179|020181|020193|020199
WXK97,Sudlersville,MD,162.500,39.175389,-75.918278,1100,NORMAL,010001|010003|010005|024003|024005|024011|024015|024019|024025|024027|024029|024035|024041|024510|034011|034033|042029
WXK98,Lewiston,ID,162.550,46.33,-116.632778,100,NORMAL,016035|016049|016057|016061|016069|053003|053023|053075
WXL22,Princeton,IL,162.425,41.285556,-89.598889,300,NORMAL,017011|017073|017099|017103|017123|017155|017175|017195
WXL23,Lead,SD,162.525,44.328056,-103.834444,300,NORMAL,030011|046019|046063|046081|046103|056011|056045|446103
WXL25,Missoula,MT,162.400,47.0403,-113.9878,100,NORMAL,030039|030047|030061|030063|030081|030089
WXL26,Port O'Connor,TX,162.475,28.438472,-96.448778,100,NORMAL,048007|048057|048239
WXL27,Billings,MT,162.550,45.805833,-108.349444,300,NORMAL,030003|030009|030037|030065|030095|030097|030107|030111
WXL28,Elko,NV,162.550,40.915278,-115.819167,100,NORMAL,032007|032011
WXL29,Winnemucca,NV,162.400,41.011111,-117.7675,100,NORMAL,032013|032027
WXL30,Tucson,AZ,162.400,32.440778,-110.788139,146,NORMAL,004019|304019|404019|904019|904021
WXL31,Syracuse,NY,162.550,42.966667,-76.200278,1000,NORMAL,036011|036023|036045|036049|036053|036065|036067|036075|036117
WXL32,Glasgow,MT,162.400,48.031389,-106.315833,300,NORMAL,030033|030055|030105|130055|230105|830105
WXL33,Pocatello,ID,162.550,43.500833,-112.663333,100,NORMAL,016005|016011|016013|016019|016023|016033|016051|016065|016077
WXL34,Albany,NY,162.550,42.636944,-74.001667,1000,OUT OF SERVICE,025003|036001|036021|036035|036039|036057|036083|036091|036093|036095
WXL35,Twin Falls,ID,162.400,42.7303,-114.413389,102,NORMAL,016031|016047|016053|016063|016083
WXL36,Las Vegas,NV,162.550,35.9969,-114.862778,100,NORMAL,032003|132003|332003|432003|532003|632003|832003
WXL37,Highland,NY,162.475,41.7192,-73.996389,1000,NORMAL,009005|036021|036027|036039|036071|036079|036105|036111
WXL38,Binghamton,NY,162.475,42.0611,-75.9456,1000,NORMAL,036007|036017|036023|036025|036107|036109|042015|042115
WXL39,Allentown,PA,162.400,40.565,-75.4406,1010,NORMAL,034019|034021|034027|034035|034037|034041|042011|042017|042025|042077|042089|042091|042095|042103|042107
WXL40,Harrisburg,PA,162.550,40.345235,-76.868997,1000,NORMAL,042001|042011|042041|042043|042067|042071|042075|042099|042107|042133
WXL41,Buras,LA,162.475,29.35545,-89.52424,1000,NORMAL,022051|022075
WXL42,Winston-Salem,NC,162.400,36.37748,-80.3639,1000,NORMAL,037001|037003|037005|037033|037057|037059|037067|037081|037097|037151|037157|037159|037169|037171|037193|037197|051035|051063|051077|051089|051141|051143|051590|051640|051690
WXL43,Wilkes-Barre,PA,162.550,41.182778,-75.873889,500,NORMAL,042025|042037|042069|042079|042089|042103|042107|042115|042127|042131
WXL44,Ozona,TX,162.500,30.739861,-101.270528,304,NORMAL,048105|048435
WXL45,Columbia,MO,162.400,38.8786,-91.981778,1000,NORMAL,029007|029019|029027|029051|029053|029073|029089|029135|029139|029151
WXL46,Fordland,MO,162.400,37.2192,-92.9492,1000,NORMAL,029009|029043|029057|029059|029067|029077|029105|029109|029167|029209|029213|029225|029229
WXL47,Bloomfield,MO,162.400,36.9022,-89.8881,1000,NORMAL,029023|029069|029133|029143|029201|029207|029223
WXL48,Enid,OK,162.475,36.287667,-98.03675,1050,NORMAL,040003|040011|040047|040053|040073|040083|040093
WXL49,McAlester,OK,162.475,34.976528,-95.717028,950,NORMAL,040005|040029|040061|040063|040077|040091|040107|040111|040121|040127
WXL50,Saint Pauls,NC,162.475,34.797498,-79.044835,1000,NORMAL,037017|037047|037051|037085|037093|037125|037155|037163|037165|045033|045069
WXL51,Toledo,OH,162.500,41.625556,-83.711111,300,NORMAL,026091|026115|039039|039051|039063|039069|039095|039123|039143|039147|039171|039173
WXL52,Clearfield,PA,162.550,41.122592,-78.44116,500,NORMAL,042021|042023|042033|042035|042047|042065
WXL53,Havre,MT,162.400,48.494364,-109.714889,300,NORMAL,030005|030015|030041
WXL54,Miles City,MT,162.400,46.404444,-105.663333,300,NORMAL,030011|030017|030075|030079|030087
WXL55,Williamsport,PA,162.400,41.190185,-76.979783,1000,NORMAL,042035|042037|042081|042093|042097|042109|042113|042119
WXL56,Asheville,NC,162.400,35.425556,-82.756944,300,NORMAL,037011|037021|037023|037087|037089|037099|037111|037115|037121|037149|037161|037175|037199
WXL57,Des Moines,IA,162.550,41.8094,-93.621583,1020,NORMAL,019001|019015|019039|019049|019073|019077|019099|019121|019125|019153|019169|019181
WXL58,Chapel Hill,NC,162.550,35.866944,-79.1669,1000,NORMAL,037001|037037|037063|037069|037077|037085|037101|037105|037125|037135|037145|037151|037181|037183|037185
WXL59,Rocky Mount,NC,162.475,35.9014,-77.7831,1000,NORMAL,037015|037065|037079|037083|037117|037127|037131|037147|037185|037195
WXL60,Roanoke,VA,162.475,37.19917,-80.1494,1000,NORMAL,037033|037157|051005|051019|051021|051023|051035|051045|051063|051067|051071|051083|051089|051121|051141|051143|051155|051161|051163|051197|051530|051580|051590|051640|051678|051690|051750|051770|051775
WXL61,Cedar Rapids,IA,162.475,41.909167,-91.654722,1000,NORMAL,019011|019031|019055|019095|019103|019105|019107|019113|019183
WXL62,Sioux City,IA,162.475,42.482139,-96.258306,1090,NORMAL,019035|019093|019133|019141|019149|019167|019193|031043|031051|031173|046127
WXL63,Bear Lake,UT,162.500,41.8825,-111.269167,50,NORMAL,016007|049005|049033|056023
WXL64,Dubuque,WI,162.400,42.5286,-90.613889,1000,NORMAL,017015|017085|019043|019055|019061|019097|019105|055043|055065
WXL65,St. Cloud,MN,162.400,45.577278,-94.204667,300,NORMAL,027009|027095|027097|027141|027145
WXL66,Mountain View,AR,162.450,35.813111,-92.290028,1000,NORMAL,005005|005009|005023|005049|005063|005065|005089|005101|005129|005135|005137|005141
WXL67,Scottsbluff,NE,162.475,41.84077,-103.05561,1000,NORMAL,031007|031013|031033|031069|031105|031123|031157|031161|031165
WXL68,North Platte,NE,162.550,41.021111,-101.1525,1000,NORMAL,031005|031029|031063|031085|031101|031111|031113|031117|031135
WXL69,Ely,NV,162.400,39.163611,-114.614167,100,NORMAL,032017|032033
WXL70,Charlotte,NC,162.475,35.297222,-81.114722,1000,NORMAL,037003|037007|037025|037035|037045|037071|037097|037109|037119|037123|037153|037159|037167|037179|045021|045091
WXL71,Abilene,KS,162.525,38.797111,-97.217083,1000,NORMAL,020027|020041|020061|020113|020115|020127|020143|020161|020169
WXL72,Demopolis,AL,162.475,32.362389,-87.87525,1440,NORMAL,001023|001025|001047|001063|001065|001091|001105|001119|001131|028023|028069|028075
WXL73,Bassett,NE,162.475,42.338056,-99.488056,1000,NORMAL,031009|031015|031017|031071|031089|031103|031115|031149|031183
WXL74,Grand Island,NE,162.400,40.772222,-98.0895,750,NORMAL,031001|031019|031035|031059|031079|031081|031093|031121|031125|031143|031163|031185
WXL75,Holdrege,NE,162.475,40.384833,-99.458833,1000,NORMAL,031019|031047|031061|031065|031073|031083|031099|031137
WXL76,Merriman,NE,162.400,42.676944,-101.709722,800,NORMAL,031031|031161|046007
WXL77,Norfolk,NE,162.550,42.2375,-97.2778,1060,NORMAL,031003|031011|031027|031037|031039|031051|031107|031119|031139|031141|031167|031173|031179
WXL78,Bismarck,ND,162.475,46.588056,-100.8125,1000,NORMAL,038015|038029|038037|038043|038057|038059|038065|038083|038085|038103
WXL79,Butte,MT,162.550,46.0075,-112.441667,100,NORMAL,030001|030023|030031|030039|030043|030057|030077|030093
WXL80,Dickinson,ND,162.400,46.725,-102.916111,800,NORMAL,038007|038025|038033|038041|038087|038089
WXL81,Jamestown,ND,162.550,46.776667,-98.522222,1000,NORMAL,038003|038021|038031|038045|038047|038051|038093
WXL82,Kalispell,MT,162.550,48.011667,-114.364167,100,NORMAL,030029|030047|030053|030089
WXL83,Minot,ND,162.400,48.050833,-101.39,1000,NORMAL,038009|038013|038049|038055|038061|038069|038075|038079|038101
WXL84,Williston,ND,162.550,48.141667,-103.892778,1000,NORMAL,030083|030085|030091|038023|038053|038105
WXL85,Medford,OR,162.400,42.42794,-123.002217,500,NORMAL,041029|041033
WXL86,Spokane,WA,162.400,47.921667,-117.113333,100,NORMAL,016009|016017|016055|053043|053051|053063|053065
WXL87,Yuma,CA,162.550,33.0536,-114.8278,100,NORMAL,004027|006025|006065
WXL88,Redding,CA,162.550,40.654444,-122.523611,100,NORMAL,006007|006021|006089|006103
WXL89,Bakersfield,CA,162.550,35.706194,-118.560306,100,NORMAL,006019|006029|006031|006107
WXL90,Des Moines,NM,162.550,36.705556,-103.876667,100,NORMAL,035007|035021|035033|035059|040025
WXL91,Las Cruces,NM,162.400,32.292556,-106.697528,100,NORMAL,035013|035035|035051
WXL92,Lynchburg,VA,162.550,37.43665,-79.1241,1000,NORMAL,051009|051011|051019|051029|051031|051037|051147|051163|051678|051680
WXL93,Worcester,MA,162.550,42.303889,-71.8975,500,NORMAL,009013|009015|025011|025013|025015|025017|025021|025027|033005|033011|044007
WXL94,Waterloo,IA,162.550,42.772583,-92.376778,900,NORMAL,019013|019017|019019|019023|019037|019065|019067|019075
WXL95,Spout Springs,OR,162.400,45.747009,-118.03772,300,NORMAL,041059|041061|041063|053071
WXL96,Salem,OR,162.475,44.846889,-123.110917,100,NORMAL,041003|041005|041043|041047|041053|041071
WXL97,Klamath Falls,OR,162.550,42.243056,-121.705,100,NORMAL,006049|006093|041035
WXL98,Roseburg,OR,162.550,43.119167,-123.242778,100,NORMAL,041019
WXL99,Medill,MO,162.450,40.4428,-91.8056,300,NORMAL,017001|017067|019111|019177|029045|029103|029111|029199
WXM20,Lincoln,NE,162.475,40.821444,-96.662139,991,NORMAL,031023|031025|031067|031097|031109|031131|031151|031153|031155|031159
WXM22,Logan,UT,162.400,41.713611,-111.717222,100,NORMAL,016041|049003|049005|049033|049057
WXM23,Vernal,UT,162.400,40.41391,-109.593289,300,NORMAL,049013|049047
WXM24,Milford/Cedar City,UT,162.400,38.5197,-113.2867,100,NORMAL,049001|049021|049023|049027
WXM25,Aberdeen,SD,162.475,45.4658,-98.3367,1000,NORMAL,038021|046013|046025|046037|046045|046049|046059|046089|046091|046115
WXM26,Pierre,SD,162.400,44.4233,-100.354167,700,NORMAL,046017|046065|046069|046075|046085|046117|046119
WXM27,Wessington,SD,162.550,44.3997,-98.8011,1010,NORMAL,046005|046017|046059|046069|046073|046077|046111|046115
WXM28,Sioux Falls,SD,162.400,43.518722,-96.534917,900,NORMAL,019119|019167|027105|027117|027133|046079|046083|046087|046099|046101|046125
WXM31,Elmira,NY,162.400,42.106111,-76.871111,1000,NORMAL,036015|036097|036101|036107|036109|042015
WXM32,Columbus,AL,162.400,32.4667,-85.0561,1000,NORMAL,001081|001113|013053|013145|013197|013215|013259|013263|013307
WXM33,Johnstown,PA,162.400,40.371218,-78.982065,250,NORMAL,042009|042021|042063|042111|042129
WXM34,The Dalles,OR,162.400,45.711858,-121.11673,291,NORMAL,041027|041055|041065|053039|053059
WXM35,Hays,KS,162.450,39.0208,-99.470722,1070,NORMAL,020009|020051|020065|020135|020145|020163|020165|020167|020195
WXM36,Lancaster,MO,162.550,40.497778,-92.528889,300,NORMAL,019007|019051|029001|029171|029197|029199|029211
WXM37,Cheyenne,WY,162.550,41.288056,-105.445,1000,NORMAL,056001|056015|056021|056031
WXM38,Petersburg,ND,162.400,48.138389,-97.993556,991,NORMAL,027089|038019|038027|038035|038039|038063|038067|038071|038091|038099
WXM39,La Plata,MO,162.525,39.955556,-92.4925,303,NORMAL,029001|029041|029103|029115|029121|029175|029205|029211
WXM40,Lowry,SD,162.500,45.397222,-99.941389,1000,NORMAL,038029|038051|046021|046031|046041|046045|046049|046089|046107|046119|046129
WXM41,South Shore,SD,162.425,45.178889,-97.015833,1000,NORMAL,027011|027073|027155|046029|046051|046109
WXM42,Hagerstown,MD,162.475,39.651111,-77.970833,1000,NORMAL,024001|024013|024021|024043|042001|042009|042055|042057|051043|051061|051069|051107|051139|051171|051187|051840|054003|054027|054031|054037|054057|054065
WXM43,Frostburg,MD,162.425,39.582167,-78.898667,300,NORMAL,024001|024023|024043|042009|042057|042111|054023|054027|054031|054057|054065
WXM44,Windsor,VT,162.475,43.4439,-72.454722,400,NORMAL,033009|033019|050017|050025|050027
WXM45,Middleville,NY,162.425,43.1025,-74.938607,300,NORMAL,036035|036041|036043|036049|036053|036057|036065|036077|036095
WXM46,Sheridan,WY,162.475,44.601944,-106.931667,500,NORMAL,030003|056005|056019|056033
WXM47,Casper,WY,162.400,42.734167,-106.333333,1000,NORMAL,056009|056025
WXM48,Wenatchee,WA,162.475,47.549849,-120.371015,100,NORMAL,053007|053017|053025|053037
WXM49,Marion,IL,162.425,37.557222,-89.023333,1000,NORMAL,017003|017055|017069|017077|017087|017127|017145|017151|017153|017165|017181|017199|021007
WXM50,Greeley,CO,162.400,40.485747,-104.349355,300,NORMAL,008069|008123
WXM51,Mead/Longmont,CO,162.475,40.240081,-105.055268,100,NORMAL,008001|008005|008013|008014|008031|008069|008123|108013|308013|708013|908013
WXM52,Pueblo,CO,162.400,38.275556,-104.598611,300,NORMAL,008027|008043|008055|008101
WXM53,Sterling,CO,162.400,40.615087,-103.031822,300,NORMAL,008075|008095|008115|008123
WXM54,Alamosa,CO,162.475,37.729444,-106.588056,300,NORMAL,008003|008021|008023|008079|008105|008109
WXM55,Grand Junction,CO,162.550,39.0836,-108.2194,300,NORMAL,008045|008077
WXM56,Colorado Springs,CO,162.475,38.7425,-104.8647,100,NORMAL,008041|008119
WXM57,Heathsville,VA,162.400,37.906083,-76.485528,1000,NORMAL,024037|024039|051001|051057|051073|051097|051101|051103|051115|051119|051131|051133|051159|051193
WXM58,Belle Glade,FL,162.400,26.661111,-80.636611,344,NORMAL,012043|012051|012093|012099
WXM59,State College,PA,162.475,40.752628,-77.754144,100,NORMAL,042027|042061|042087
WXM60,Southard,NJ,162.450,40.139866,-74.224193,300,NORMAL,034005|034021|034023|034025|034029|034035|034039
WXM61,Lander,WY,162.475,42.815539,-108.734083,300,NORMAL,056013
WXM62,Capitol Peak,WA,162.475,46.975222,-123.139167,284,NORMAL,053027|053041|053045|053049|053053|053067
WXM63,Rapid City,SD,162.550,44.1144,-103.2433,1000,NORMAL,046033|046093|046103|446093|446103|546103|646103|846093
WXM64,Detroit Lakes,MN,162.400,46.822778,-95.861028,100,NORMAL,027005|027027|027087|027107|027111|027159
WXM65,Baxley,GA,162.525,31.929722,-82.345,300,OUT OF SERVICE,013001|013161|013267|013279
WXM66,Victorville,CA,162.500,34.232361,-117.234694,76,NORMAL,006065|006071
WXM68,Leyden,MA,162.425,42.6981,-72.605,300,NORMAL,025003|025011|025015|033005|050003|050025
WXM69,Otway,OH,162.525,38.893056,-83.255,1000,NORMAL,021135|021161|039001|039015|039071|039079|039131|039141|039145|039163
WXM70,Garfield,WV,162.500,38.97575,-81.532722,1000,NORMAL,039009|039053|039105|039167|054013|054021|054035|054053|054073|054079|054085|054087|054095|054105|054107
WXM71,Beckley,WV,162.550,37.590556,-81.115,1000,NORMAL,051185|054019|054025|054047|054055|054063|054067|054081|054089|054109
WXM72,Hinton,WV,162.425,37.77359,-80.7055,1000,NORMAL,051005|051017|051021|051045|051071|051185|051580|054019|054025|054055|054063|054067|054075|054081|054089
WXM73,Moorefield,WV,162.400,38.9825,-78.908611,500,NORMAL,024001|051015|051069|051091|051139|051165|051171|051660|051790|051820|051840|054023|054027|054031|054057|054065|054071
WXM74,Sutton,WV,162.450,38.7114,-80.681944,1030,NORMAL,054007|054013|054015|054021|054041|054067|054087|054097|054101
WXM75,Gilbert,WV,162.475,37.641389,-81.993889,500,NORMAL,051027|051051|054005|054043|054045|054047|054059|054109
WXM77,Caribou,ME,162.525,46.551288,-67.809185,100,NORMAL,023003|023019
WXM78,Bloomington,IN,162.450,39.164167,-86.521111,300,NORMAL,018013|018055|018105|018109|018119
WXM80,Riverhead,NY,162.475,40.8825,-72.715278,500,NORMAL,009001|009007|009009|009011|036059|036103
WXM81,Hermitage,MO,162.450,37.905444,-93.317028,1000,NORMAL,029059|029085|029167
WXM85,Guam,GU,162.400,13.4333,144.7125,300,NORMAL,066010|069100
WXM86,Saipan,MP,162.550,15.1865,145.743819,300,NORMAL,069100|069110|069120
WXM87,Wray,CO,162.475,40.054167,-102.225556,100,NORMAL,008125|020023|031057
WXM89,Lake Powell,UT,162.550,37.034444,-110.868611,100,NORMAL,004001|004005|004017|049017|049025|049037
WXM90,Jacksonville,IL,162.525,39.6667,-90.341667,300,NORMAL,017009|017013|017017|017061|017137|017149|017171
WXM91,Park Falls,WI,162.500,45.945278,-90.274444,1000,NORMAL,055003|055051|055085|055099|055113|055125
WXM92,Fort Collins/Ault,CO,162.450,40.570302,-105.079238,300,NORMAL,008069|008123
WXM93,Cross,SC,162.475,33.3686,-80.116434,100,NORMAL,045015|045027|045075|045089
WXM94,Wellsboro,PA,162.475,41.737033,-77.363552,1000,NORMAL,042105|042117
WXM95,Towanda,PA,162.525,41.810556,-76.716944,500,NORMAL,036015|036101|036107|042015|042113|042117|042131
WXM97,Haines,AK,162.400,59.247378,-135.435426,300,NORMAL,002100|002230
WXM98,Marion,IN,162.450,40.5969,-85.6558,100,NORMAL,018009|018035|018053|018067|018069|018095|018103|018159|018169|018179
WXM99,Bemidji,MN,162.425,47.555833,-94.801361,1000,NORMAL,027007|027029|027057|027061|227021
WXN21,Cle Elum,WA,162.400,47.137333,-120.869667,40,NORMAL,053037
WXN24,Artesia,NM,162.425,32.800611,-104.198654,100,OUT OF SERVICE,035015
WXN28,Springfield,ME,162.500,45.344444,-68.095,1000,NORMAL,023003|023019|023029
WXN29,Call Hill,NY,162.425,42.211111,-77.689444,300,NORMAL,036003|036015|036051|036069|036097|036099|036101|036121|036123|042105|042117
WXN55,Mt. Washington,NY,162.450,42.355556,-77.266111,300,NORMAL,036003|036015|036051|036069|036097|036099|036101|036121|042105|042117
WXN59,Ithaca,NY,162.500,42.418611,-76.493889,1000,NORMAL,036011|036015|036023|036097|036099|036109|036123
WXN61,Sidney,NE,162.500,41.184167,-103.193611,1000,NORMAL,031033|031049|031069|031105
WXN68,Watertown,NY,162.475,43.961225,-75.8078,100,NORMAL,036045|036049|036075|036089
WXN69,Sister Bay,WI,162.425,45.237887,-87.091394,1000,NORMAL,026109|055029|055061|055075
WXN72,Merna,NE,162.500,41.387222,-99.820833,1000,NORMAL,031041|031163
WXN74,Hickman,TN,162.500,36.1447,-85.9111,991,NORMAL,047015|047041|047087|047141|047159|047169|047189
WXN81,Ulysses,KS,162.450,37.505115,-101.470286,1000,OUT OF SERVICE,020055|020067|020075|020081|020093|020129|020175|020187|020189
WXN82,Valentine,NE,162.450,42.888611,-100.553333,1000,NORMAL,031031|046121|046123
WXN83,Burlington,IA,162.525,40.833889,-91.212778,300,NORMAL,017067|017071|017131|017187|019057|019087|019111|019115
WXN85,Fairfield,IA,162.400,41.089289,-91.968285,300,NORMAL,019051|019087|019101|019107|019111|019177|019179|019183
WXN87,Natchitoches,LA,162.500,31.787,-93.205,1030,NORMAL,022013|022031|022043|022069|022081|022085|022127
WXN88,New Town,ND,162.525,48.071667,-102.44,300,NORMAL,038025|038055|038061
WXN89,Coleman,TX,162.475,32.033611,-99.420556,300,NORMAL,048049|048059|048083|048399
WXN91,Lake Rathbun,IA,162.425,40.81925,-92.904,301,NORMAL,019007|019051|019117|019135|019179|019185|029171
WXN92,Harrison,AR,162.525,36.1692,-93.2497,1000,NORMAL,005009|005015|005089|005101|005129
WXN99,West Olive,MI,162.425,42.941389,-86.084167,300,NORMAL,026005|026121|026139
WZ2500,Sand Mtn,VA,162.450,36.9075,-81.06805,300,NORMAL,037005|051021|051035|051071|051077|051121|051155|051173|051197|051640|051750
WZ2502,Randle,WA,162.425,46.535278,-121.768861,114,NORMAL,053041
WZ2503,Guadalupe Mt Nat'l. Park,TX,162.525,31.890043,-104.811221,325,NORMAL,048109|048301|048389
WZ2504,Sonoma County,CA,162.475,38.348333,-122.578056,100,NORMAL,006097|106097|306097|406097|506097|606097|706097|906097
WZ2505,Sandberg,CA,162.425,34.743611,-118.724917,65,NORMAL,006037
WZ2506,Clifton,TN,162.500,35.2736,-87.9322,1020,NORMAL,001077|047039|047071|047109|047135|047181
WZ2507,Dickens,TX,162.500,33.654139,-100.846194,309,NORMAL,048101|048107|048125|048153|048169|048263|048269|048345|048433
WZ2509,Reedsport,OR,162.525,43.656875,-124.187375,100,NORMAL,041019
WZ2511,Sharon,KS,162.400,37.37059,-98.40278,1060,NORMAL,020007|020077|020095|020151|020155|020185|040003|040151
WZ2512,Parker,KS,162.525,38.302944,-94.959806,683,NORMAL,020001|020003|020011|020059|020107|020121|029013|029037|029217
WZ2513,Copper Harbor,MI,162.500,47.4675,-87.8722,300,NORMAL,026083
WZ2514,Munising,MI,162.475,46.420833,-86.675,100,NORMAL,026003
WZ2515,Grand Marais,MI,162.425,46.5475,-86.0364,100,NORMAL,026003
WZ2516,Silver City,NM,162.425,32.581944,-108.425306,110,NORMAL,035017|035023|035029|035051
WZ2518,Eagle,CO,162.450,39.775,-106.846389,100,NORMAL,008037
WZ2519,Tonopah,NV,162.400,38.051944,-117.225556,150,NORMAL,032009|032023
WZ2520,Sun Valley,ID,162.450,43.661389,-114.403056,150,NORMAL,016013
WZ2521,Battle Mtn.,NV,162.425,40.4036,-116.8681,150,NORMAL,032015
WZ2522,Carney Butte,OR,162.475,45.281186,-118.94966,100,NORMAL,041059
WZ2523,Frankfort,KY,162.500,38.207276,-84.836243,300,NORMAL,021073
WZ2524,Bishop,CA,162.425,37.3708,-118.3672,100,NORMAL,006027
WZ2527,Fredericksburg,VA,162.425,38.311389,-77.483611,300,NORMAL,024017|024037|051033|051047|051057|051061|051099|051137|051153|051177|051179|051193|051630|051683|051685
WZ2528,Wibaux,MT,162.500,46.9919,-104.2683,300,NORMAL,030109
WZ2529,Mt. Olotele,AS,162.550,-14.317067,-170.76402,300,NORMAL,060010|060050
WZ2530,Susanville,CA,162.500,40.446389,-120.358056,100,NORMAL,006035
WZ2531,Hialeah Spanish,FL,162.500,25.8397,-80.2925,300,NORMAL,012011|012086
WZ2533,Ekalaka,MT,162.475,45.512222,-104.48,100,NORMAL,030011
WZ2535,Orofino,ID,162.500,46.5086,-116.2167,100,NORMAL,016035|016049|016061|016069
WZ2536,Lyons,NY,162.475,43.0658,-77.0361,250,NORMAL,036117
WZ2540,North Kohala,HI,162.500,20.125361,-155.7778,300,NORMAL,015001
WZ2541,Pharr Spanish,TX,162.475,26.1861,-98.1886,300,NORMAL,048061|048215|048427|048489
WZ2542,Santa Maria Spanish,TX,162.450,26.0814,-97.8283,300,NORMAL,048061|048215|048261|048489
WZ2543,Richlands,VA,162.425,37.0683,-81.7706,300,NORMAL,051185
WZ2544,North Cottonwood,CO,162.500,40.060274,-105.990851,300,NORMAL,008049
WZ2545,Joplin,MO,162.550,37.085,-94.5133,300,NORMAL,029097
WZ2546,Magee,MS,162.525,31.8742,-89.7319,300,NORMAL,028031|028065|028121|028127|028129
WZ2547,Edmonton,KY,162.450,37.0103,-85.6036,300,NORMAL,021001|021009|021057|021087|021169|021171
WZ2548,Eldon,MO,162.550,38.2794,-92.5853,1000,NORMAL,029015|029029|029051|029059|029085|029105|029125|029131|029135|029141|029151|029169
WZ2550,Willow Creek,CA,162.450,40.8739,-123.73351,150,NORMAL,006023
WZ2555,Duffield Peninsula,AK,162.525,57.5228,-135.4617,5,NORMAL,002220
WZ2556,Middle Cape,AK,162.525,57.3728,-154.6264,5,NORMAL,002150
WZ2557,Lihue,HI,162.450,21.987257,-159.338519,150,NORMAL,015007
WZ2559,Enterprise,OR,162.425,45.42636,-117.29603,100,NORMAL,041063
WZ2560,Cannonsburg,MI,162.550,43.0138,-85.4778,1000,NORMAL,026005|026015|026067|026081|026117|026139
WZ2561,St. Thomas,VI,162.450,18.3283,-64.8592,300,NORMAL,078030
WZ2572,Richmond,TX,162.475,29.5817,-95.7606,100,NORMAL,048157
